GPA,Semester_GPA,CGPA,Stress_Index,Attendance_Rate,Study_Hours_per_Day,Assignment_Delay_Days,Part_Time_Job,Dropout
2.26,2.42,2.4,9.3,76.8,4.08,5,0,1
1.98,1.7,1.7,6.2,86.2,2.57,1,0,0
1.65,1.53,1.56,6.2,78.9,2.94,4,0,1
2.18,2.2,2.2,5.3,75.5,4.94,1,1,1
0.46,0.92,0.92,6.0,77.6,4.48,2,1,1
2.41,2.41,2.45,1.9,76.1,2.89,1,0,0
1.41,2.03,1.97,7.4,80.6,5.77,4,0,0
2.62,3.04,3.01,7.3,82.7,3.81,3,0,0
0.62,0.29,0.29,3.3,76.9,2.88,1,1,1
1.43,1.2,1.29,5.7,81.0,2.52,1,0,1
1.14,1.08,1.08,4.1,73.6,3.03,5,1,1
3.91,4.0,3.95,1.0,69.0,4.9,3,0,0
1.93,1.98,1.98,4.4,79.1,3.91,1,0,1
0.61,0.8,0.86,9.0,80.1,3.03,1,0,1
0.52,0.28,0.24,6.3,78.7,5.5,3,0,1
1.23,1.74,1.78,9.2,84.3,3.47,3,1,0
4.0,3.65,3.68,4.5,89.1,7.37,1,1,0
1.92,1.72,1.72,7.9,82.8,3.5,1,1,1
3.67,3.79,3.83,5.7,76.0,1.95,2,0,0
2.09,2.37,2.33,6.1,78.7,2.45,0,1,1
1.35,0.73,0.79,5.9,79.5,3.44,1,0,0
1.92,1.99,1.99,7.4,85.7,3.14,4,1,1
2.15,2.22,2.22,6.9,79.5,5.68,3,0,0
0.54,0.59,0.56,4.7,70.8,4.24,2,0,1
1.92,2.3,2.3,5.7,99.9,1.71,2,1,1
2.2,1.99,2.0,5.8,84.0,2.46,3,0,1
0.19,0.34,0.39,5.8,80.6,3.48,4,1,1
4.0,4.0,4.0,1.0,76.6,6.17,0,0,0
0.27,0.0,0.02,7.9,78.2,2.79,1,1,1
2.63,2.83,2.78,4.0,79.3,3.5,2,1,0
3.9,3.79,3.83,2.0,93.4,2.3,0,1,0
1.15,1.13,1.13,7.9,62.5,1.43,1,0,1
4.0,4.0,4.0,3.1,89.5,4.35,1,0,0
2.1,1.88,1.88,8.3,84.0,3.29,0,1,1
0.68,0.69,0.71,5.7,75.3,2.62,4,0,1
2.07,2.27,2.23,8.0,83.9,6.07,3,1,1
2.81,2.63,2.63,4.3,96.9,3.51,2,0,0
1.87,1.63,1.64,5.4,80.7,3.89,2,1,1
1.73,2.02,2.0,7.2,63.8,4.75,0,1,1
4.0,4.0,4.0,5.8,77.1,5.85,0,1,0
3.53,3.47,3.57,4.3,88.2,4.82,0,1,0
1.5,1.13,1.13,7.5,79.1,4.53,2,1,1
1.82,1.56,1.5,4.7,68.4,4.89,2,1,1
2.47,3.02,3.03,3.1,77.1,3.7,1,0,0
3.08,3.03,3.03,4.4,66.2,5.34,1,0,1
1.33,1.06,1.04,3.7,69.4,2.16,6,1,0
1.05,1.12,1.17,3.9,67.0,3.35,3,0,1
1.56,1.64,1.64,4.5,64.1,5.01,1,0,0
2.58,3.11,3.11,5.5,84.0,7.19,2,1,0
0.64,0.61,0.64,3.8,81.8,2.43,2,0,0
1.98,1.72,1.71,1.6,74.7,2.13,1,1,0
0.71,0.93,0.94,7.7,83.1,3.51,0,0,1
1.36,2.01,2.05,5.9,71.8,4.51,2,0,1
1.08,0.45,0.45,7.6,86.3,2.91,2,0,0
2.18,2.61,2.61,5.9,86.3,2.36,0,0,0
1.91,1.72,1.66,7.2,74.6,2.51,2,0,1
2.42,2.55,2.51,7.1,72.0,6.37,1,1,0
2.36,2.72,2.65,5.8,88.5,5.85,0,1,1
2.04,2.28,2.34,6.5,85.9,4.56,1,1,1
0.0,0.0,0.0,8.1,85.2,4.8,2,1,1
0.0,0.04,0.13,5.4,78.0,3.46,2,1,1
0.86,1.08,1.13,3.1,75.2,4.25,1,1,1
2.32,2.37,2.37,5.0,93.9,6.94,1,0,1
0.71,0.46,0.48,8.4,82.8,2.63,1,1,1
4.0,3.55,3.55,5.3,91.0,6.63,4,0,0
1.8,1.9,1.86,6.8,79.4,2.58,2,1,0
2.72,3.19,3.19,4.1,78.6,4.42,5,1,0
2.25,2.15,2.24,5.7,86.4,3.46,1,0,0
0.51,0.78,0.78,5.6,94.8,3.93,3,0,1
1.61,1.47,1.45,4.6,82.5,3.29,1,0,1
4.0,3.95,3.92,5.7,83.2,7.45,2,1,0
1.32,1.49,1.48,5.4,84.6,4.37,1,0,1
0.22,0.22,0.24,7.6,68.1,3.18,0,0,1
1.76,2.09,2.09,6.0,91.7,5.44,1,0,1
1.45,1.43,1.43,6.2,74.3,4.22,1,0,1
0.65,0.46,0.46,5.5,87.2,3.27,2,0,1
1.94,2.16,2.19,7.8,78.0,2.61,2,1,1
1.38,0.67,0.67,3.9,86.8,2.53,0,0,1
2.58,2.64,2.64,7.2,92.3,6.96,2,0,1
2.29,2.27,2.26,8.8,72.2,5.04,2,0,1
0.0,0.0,0.02,9.4,69.0,3.45,2,1,0
3.91,4.0,3.99,2.1,75.5,3.99,1,0,0
3.15,2.92,2.97,4.5,74.1,5.54,4,0,1
1.94,2.03,2.09,6.2,83.7,5.74,0,1,0
3.35,3.31,3.35,5.8,82.2,4.22,2,0,0
0.73,0.25,0.22,4.6,73.7,3.44,0,1,1
3.16,3.38,3.32,1.2,84.1,2.19,3,0,0
1.14,1.38,1.39,9.5,81.4,4.44,2,1,1
4.0,4.0,4.0,5.1,84.2,3.89,0,1,0
4.0,3.83,3.8,3.6,88.9,5.29,2,0,0
2.98,2.95,3.01,5.3,91.5,4.46,3,1,0
2.81,2.61,2.61,5.0,92.0,2.23,0,0,0
2.96,3.29,3.29,6.0,80.9,3.01,2,1,0
3.26,3.5,3.43,6.1,73.7,5.97,5,0,0
4.0,3.9,3.9,4.8,94.6,3.26,1,1,0
3.01,3.06,3.02,5.6,68.1,2.25,1,0,0
2.77,2.97,2.97,6.6,76.5,3.44,1,1,0
3.59,3.51,3.49,4.8,83.1,5.36,2,0,0
1.97,1.52,1.54,4.5,81.4,3.19,2,1,0
3.33,3.44,3.44,3.8,76.9,1.58,1,0,0
1.22,1.25,1.25,5.5,92.4,3.59,1,0,1
1.7,1.5,1.5,5.3,81.5,4.66,2,0,0
4.0,4.0,4.0,6.9,99.7,4.49,0,1,0
0.56,0.31,0.36,5.9,80.4,3.03,6,1,1
3.69,3.54,3.54,4.1,82.9,5.38,3,1,0
0.45,0.24,0.24,7.2,96.7,1.8,2,0,0
0.82,0.77,0.75,5.5,86.7,2.61,4,1,0
1.28,1.52,1.56,6.1,79.9,3.93,4,1,1
0.98,0.75,0.72,6.7,94.4,2.51,2,0,1
1.89,1.79,1.79,6.7,73.5,3.04,1,1,1
0.31,0.04,0.0,5.4,85.7,3.8,3,0,1
2.17,1.98,1.87,3.2,77.8,4.22,3,0,0
1.82,1.7,1.7,4.5,75.0,1.55,1,0,0
2.33,2.86,2.93,5.4,74.1,3.73,3,0,0
2.91,3.09,3.09,7.4,80.1,4.55,2,1,0
3.12,2.76,2.76,3.7,83.7,3.01,2,0,0
4.0,4.0,3.97,5.2,75.0,5.22,1,0,0
1.67,0.97,0.97,8.3,85.1,3.4,2,1,0
1.4,1.81,1.83,4.8,74.4,3.57,2,1,0
2.63,2.53,2.52,6.8,88.6,6.02,0,1,1
1.99,1.86,1.86,3.9,83.3,4.21,1,1,0
2.29,2.18,2.19,3.7,83.7,4.79,1,0,0
2.52,2.62,2.62,5.3,88.2,4.32,2,0,0
1.5,2.4,2.4,6.5,100.0,2.37,1,0,1
1.17,0.99,0.95,6.2,86.1,5.55,2,0,0
2.86,2.93,2.93,4.3,83.1,4.53,1,0,1
1.31,1.36,1.35,5.7,71.8,4.01,1,0,0
4.0,3.83,3.74,3.1,89.1,7.95,6,1,0
4.0,3.82,3.81,4.1,78.1,3.83,2,0,0
2.05,2.17,2.17,3.7,82.9,4.73,2,1,1
1.82,2.11,2.11,6.0,78.4,3.82,4,0,0
2.85,3.43,3.43,7.3,100.0,5.03,0,0,1
2.67,2.56,2.59,5.2,77.2,2.09,1,1,0
2.0,1.81,1.86,6.0,84.5,3.2,5,0,0
2.83,2.85,2.82,7.1,91.8,4.64,0,1,0
2.48,2.21,2.18,6.0,100.0,3.7,3,1,0
3.71,3.99,3.94,5.4,80.7,4.11,1,0,0
1.73,0.99,1.03,4.2,88.4,3.12,2,1,1
3.77,3.7,3.65,3.8,86.2,6.54,2,0,0
1.48,1.74,1.74,7.1,84.9,3.31,2,0,0
2.21,1.63,1.66,6.9,80.9,3.82,2,0,0
3.41,3.33,3.4,3.8,64.9,4.15,1,1,1
0.92,0.6,0.66,6.0,96.6,4.78,5,1,1
3.02,3.02,3.06,7.7,72.5,3.29,3,0,0
2.88,2.81,2.86,3.5,78.2,3.01,1,1,0
2.34,2.83,2.9,6.6,81.9,4.77,2,0,0
2.26,2.28,2.26,6.6,86.6,3.69,3,0,1
0.25,0.16,0.16,6.8,80.6,2.52,2,1,1
2.47,2.67,2.68,6.1,87.0,3.34,2,1,0
2.55,2.04,2.04,7.8,81.4,3.5,3,1,0
4.0,3.72,3.73,6.4,97.8,5.39,2,0,0
3.21,3.52,3.52,3.8,97.5,1.95,2,1,0
4.0,4.0,3.86,4.5,82.1,5.65,0,0,0
0.5,0.43,0.43,7.0,84.2,2.86,3,0,1
2.79,2.48,2.49,4.6,78.6,4.04,0,0,0
0.27,0.0,0.0,7.6,89.8,4.98,3,1,1
1.03,0.61,0.6,7.4,82.8,5.49,3,1,1
3.24,3.23,3.23,6.2,78.2,3.57,3,1,1
1.12,1.25,1.25,6.8,63.7,3.37,1,1,1
0.85,0.91,0.93,7.7,93.8,3.22,1,0,1
1.77,1.9,1.85,4.8,82.5,3.66,1,0,0
3.68,3.59,3.55,7.4,92.8,1.34,1,0,0
0.49,0.7,0.7,3.6,77.1,3.32,3,1,1
3.52,3.9,3.91,8.1,83.4,4.81,1,1,1
3.1,3.79,3.81,4.5,67.9,4.02,4,0,0
0.0,0.0,0.02,4.0,78.3,4.61,0,1,1
2.77,2.99,2.98,4.1,92.5,4.46,2,1,0
0.09,0.0,0.0,8.3,81.2,2.19,2,0,1
1.24,1.07,1.16,6.3,77.0,6.71,2,0,1
3.3,4.0,4.0,6.9,100.0,3.73,1,0,0
1.88,1.77,1.77,5.7,78.0,5.37,1,1,1
0.01,0.0,0.0,8.8,68.4,3.87,4,0,1
2.93,2.54,2.54,4.5,86.9,3.85,0,0,0
1.45,1.61,1.57,4.1,82.1,3.69,2,1,0
1.41,1.83,1.83,6.1,85.2,4.49,5,0,1
3.83,4.0,4.0,4.6,74.3,2.72,1,0,0
3.27,3.3,3.29,4.8,65.0,2.73,2,0,0
0.0,0.01,0.06,6.3,72.4,4.43,0,0,1
3.6,3.65,3.59,5.6,85.6,5.06,2,0,0
1.09,1.1,1.09,5.9,79.0,3.72,1,1,0
2.28,2.02,2.01,7.1,85.9,3.42,2,0,0
3.7,4.0,3.89,5.6,85.8,4.66,0,0,0
1.4,2.01,1.98,6.0,83.2,3.54,1,1,1
3.48,3.41,3.47,3.5,70.4,2.3,5,0,0
2.55,3.01,2.98,5.7,85.7,4.38,5,1,0
1.4,1.15,1.15,4.4,75.8,3.23,1,0,1
1.27,1.19,1.19,6.4,65.0,2.67,1,0,1
0.0,0.1,0.08,3.2,81.6,2.25,1,0,0
0.98,0.68,0.68,4.1,98.9,2.51,1,1,1
2.59,2.25,2.25,8.4,84.7,3.13,2,1,1
4.0,4.0,3.97,6.1,85.8,5.78,3,1,0
0.31,0.04,0.03,7.2,73.7,1.37,1,0,1
0.5,0.1,0.09,6.2,76.9,4.23,3,1,0
2.72,2.58,2.62,4.4,78.5,5.7,1,0,0
3.15,3.71,3.71,4.9,77.2,4.29,1,1,0
0.0,0.17,0.19,6.4,78.0,3.92,2,0,1
2.78,3.3,3.3,5.2,92.3,5.55,2,1,1
2.39,2.23,2.22,10.0,96.4,4.73,2,0,0
1.25,0.94,0.96,5.2,85.4,0.92,2,1,0
3.9,3.96,3.96,3.5,76.3,5.33,1,1,0
2.78,2.82,2.84,5.6,92.8,3.36,1,0,1
3.0,2.64,2.6,6.9,93.4,3.94,4,1,0
1.98,2.45,2.37,7.6,72.8,4.47,4,0,1
4.0,3.94,3.95,2.5,66.8,3.97,2,0,0
2.89,2.81,2.79,6.4,83.8,3.56,2,1,0
0.11,0.0,0.0,6.6,87.4,3.8,2,1,1
1.3,0.75,0.75,8.1,74.6,1.81,0,0,1
3.19,3.45,3.45,2.4,69.4,6.43,1,1,0
0.02,0.29,0.29,7.7,67.0,3.46,6,0,1
3.04,2.79,2.72,7.7,93.6,3.5,1,1,0
3.11,3.16,3.16,3.0,78.1,7.66,4,1,0
0.84,0.55,0.57,6.2,73.2,5.42,1,1,1
2.3,2.52,2.51,7.7,89.3,3.77,2,1,0
3.08,3.04,3.04,4.1,73.7,3.47,0,1,0
2.28,2.35,2.35,7.8,68.6,4.27,3,1,0
3.18,3.55,3.55,5.6,79.6,3.44,3,0,0
0.0,0.02,0.02,4.9,66.0,3.65,2,1,1
1.06,1.02,0.97,4.8,78.1,3.62,2,0,1
0.28,0.29,0.29,5.5,70.5,3.14,3,0,1
4.0,4.0,3.98,3.8,73.8,5.71,5,1,1
2.11,2.29,2.26,4.7,100.0,5.03,2,0,1
0.0,0.0,0.0,7.6,99.7,2.39,3,1,1
1.23,1.13,1.09,6.7,72.8,6.2,2,0,1
1.49,1.79,1.78,5.8,74.5,5.65,0,1,1
1.5,1.52,1.49,6.6,99.3,3.42,2,0,1
3.15,3.18,3.1,6.2,83.3,3.7,1,1,0
2.99,2.64,2.66,6.8,76.6,3.53,1,1,1
0.74,0.52,0.52,4.9,67.9,2.79,3,0,1
1.11,1.12,1.11,10.0,79.8,4.12,3,0,1
0.51,0.48,0.44,5.2,77.5,2.32,1,0,1
3.75,3.9,3.9,4.6,76.4,3.16,1,1,0
3.11,3.08,3.08,6.5,75.6,2.48,0,0,0
0.54,0.76,0.86,5.9,71.0,5.01,2,1,1
4.0,4.0,3.98,2.2,86.3,3.04,1,0,0
4.0,3.76,3.69,5.8,94.3,2.34,1,0,0
0.86,0.77,0.77,5.6,76.2,4.34,2,1,1
2.56,3.0,3.01,5.8,81.8,6.14,2,0,1
2.16,2.1,2.1,6.0,74.5,3.46,2,0,1
3.03,3.74,3.77,4.7,65.7,3.85,2,1,0
3.3,3.06,3.05,5.4,79.5,4.89,4,0,0
1.46,1.27,1.27,6.5,77.9,3.08,2,0,0
2.12,2.7,2.67,7.8,80.3,2.06,1,0,1
0.38,0.1,0.03,5.2,84.9,2.87,2,0,1
0.09,0.0,0.06,9.1,81.1,2.79,2,1,1
3.11,3.21,3.15,1.6,72.7,2.87,1,0,0
0.41,0.62,0.62,4.0,75.0,2.12,1,0,1
2.92,3.16,3.12,3.9,87.0,5.38,1,0,0
1.99,1.83,1.8,3.4,82.9,3.5,2,1,0
2.97,2.53,2.51,6.7,84.2,4.02,1,0,0
2.94,2.55,2.55,7.4,86.0,4.2,2,0,0
3.43,3.4,3.46,6.1,81.2,3.76,4,1,0
1.58,1.2,1.15,8.1,78.3,4.88,2,0,1
1.75,1.72,1.67,6.5,88.8,3.89,1,0,1
0.0,0.42,0.46,6.1,75.8,1.96,1,1,1
1.51,1.44,1.44,7.2,83.1,5.05,5,1,1
0.98,1.39,1.39,6.5,69.2,2.95,2,0,1
3.49,3.7,3.66,3.3,94.6,3.24,1,1,0
1.79,1.73,1.71,2.2,80.4,1.66,1,0,1
0.86,1.05,1.06,6.7,90.6,4.2,2,0,1
1.35,1.54,1.59,5.1,76.4,3.99,2,0,1
1.77,1.76,1.76,6.3,80.2,3.14,1,0,0
1.26,1.18,1.16,7.4,80.1,2.14,1,1,1
0.14,0.11,0.12,5.8,77.3,3.23,4,1,1
1.21,1.42,1.42,7.1,83.9,3.47,4,1,1
2.51,2.68,2.66,6.3,74.8,2.9,1,0,0
2.93,3.14,3.17,4.8,75.1,3.82,3,0,0
1.55,1.61,1.61,6.5,84.8,3.35,1,0,1
0.53,0.54,0.54,4.6,87.5,4.54,1,0,1
1.81,1.96,1.85,4.4,77.9,5.61,2,0,0
2.83,2.61,2.62,6.3,80.7,3.43,2,0,0
3.52,3.3,3.25,3.2,69.4,6.41,4,0,0
1.64,1.45,1.38,5.0,82.7,4.22,1,0,1
2.54,2.53,2.55,4.9,75.2,6.03,1,1,0
2.5,2.77,2.82,6.6,90.3,3.84,0,0,0
1.52,1.31,1.25,5.6,74.5,4.05,1,0,1
2.81,2.91,2.9,4.7,90.9,4.61,1,0,0
1.92,2.05,2.05,6.2,79.7,6.77,2,1,1
1.35,1.24,1.19,6.4,82.9,4.1,3,0,1
3.0,3.24,3.24,5.7,91.1,2.97,1,1,0
1.11,1.01,0.98,3.1,75.2,2.86,1,1,1
0.0,0.0,0.0,6.9,69.1,4.56,2,1,1
2.27,2.0,2.02,7.0,73.6,4.29,1,1,0
0.18,0.0,0.0,6.7,73.8,2.66,3,1,1
3.09,3.48,3.5,9.0,84.0,3.68,3,0,0
2.24,1.91,1.94,7.3,71.5,3.03,0,1,0
1.7,1.38,1.3,5.6,78.6,4.26,0,0,1
1.54,1.28,1.28,5.5,87.1,3.0,1,1,1
1.48,1.1,1.1,9.6,64.6,4.88,3,1,1
3.04,3.21,3.16,5.4,89.9,4.19,0,0,0
4.0,3.75,3.75,3.4,89.2,4.34,0,0,0
2.09,1.86,1.87,8.7,93.5,3.29,3,1,1
1.81,1.08,1.08,7.6,85.0,5.44,4,0,1
1.24,1.0,0.97,6.3,69.7,4.33,1,0,1
3.46,3.83,3.83,7.8,93.9,4.98,1,0,0
3.16,2.83,2.76,3.7,88.3,1.65,3,1,0
3.47,3.1,2.98,3.3,84.5,4.38,3,1,1
2.54,2.38,2.38,6.1,87.0,5.61,2,0,0
3.2,3.21,3.29,5.6,96.4,3.73,2,0,1
3.03,3.6,3.6,4.2,72.0,5.09,4,0,0
1.44,1.9,1.92,8.6,91.4,3.97,3,0,1
1.42,1.9,1.91,8.5,79.8,4.16,3,0,0
4.0,3.97,3.9,4.5,90.7,1.37,3,1,0
2.1,2.19,2.19,6.9,77.9,3.54,5,0,0
2.71,2.71,2.71,4.3,73.1,3.66,1,1,0
2.32,2.38,2.41,6.1,83.6,4.38,2,1,1
2.28,1.57,1.6,8.4,75.9,4.61,1,0,1
1.86,1.78,1.78,5.8,81.5,5.35,3,0,0
3.79,3.09,3.09,6.6,99.8,4.84,0,0,0
2.36,2.31,2.31,5.4,81.1,4.35,1,1,1
1.43,1.16,1.17,3.8,69.3,2.03,2,0,1
4.0,4.0,4.0,1.7,92.3,3.26,3,1,0
1.24,1.08,1.11,6.0,69.0,3.98,4,0,1
2.68,2.33,2.37,2.2,87.8,4.69,1,0,0
3.44,3.59,3.58,4.2,76.3,5.16,0,0,0
3.69,3.18,3.13,5.3,88.5,3.63,3,0,0
1.08,0.79,0.87,2.5,76.5,6.02,7,0,1
3.34,3.65,3.66,6.1,77.2,6.08,1,0,0
2.89,3.29,3.24,4.3,79.6,5.28,0,0,0
2.58,2.47,2.42,2.4,84.1,4.95,0,0,0
2.97,2.88,2.93,5.1,72.6,5.48,1,1,0
1.81,1.94,1.88,3.5,88.5,2.53,4,0,1
3.03,2.94,2.98,5.5,84.4,6.71,3,0,0
0.74,0.82,0.85,7.6,73.6,5.49,3,0,1
2.74,2.88,2.88,8.3,100.0,4.07,2,0,1
3.51,3.32,3.33,5.6,67.5,4.47,2,0,0
1.6,1.75,1.77,8.4,81.4,4.02,0,0,1
1.58,1.73,1.7,5.9,75.5,1.93,3,0,1
3.52,4.0,4.0,7.3,80.9,3.7,1,0,0
1.47,1.11,1.11,10.0,98.7,4.62,1,1,0
1.26,1.13,1.13,6.4,78.3,3.85,4,0,1
2.77,3.1,3.12,7.8,85.1,3.17,1,1,1
1.73,1.33,1.37,5.2,85.4,5.61,0,0,0
1.38,1.4,1.39,6.4,78.0,3.19,2,1,0
2.34,2.21,2.13,8.3,78.4,4.26,0,1,0
4.0,3.78,3.74,6.7,86.1,6.18,4,0,0
0.61,0.68,0.68,6.0,60.8,5.04,3,1,1
1.37,0.71,0.71,6.7,82.8,3.61,0,1,1
0.48,0.31,0.29,4.4,77.7,4.64,1,0,1
3.17,2.95,2.95,5.4,90.9,5.11,2,1,0
2.31,2.23,2.2,7.5,83.8,1.84,2,1,1
3.09,2.81,2.83,6.7,84.5,5.14,1,1,1
0.1,0.73,0.75,6.1,90.2,2.27,2,0,1
1.45,1.49,1.43,1.6,78.0,5.31,0,1,1
3.0,3.1,3.25,4.0,90.4,4.01,1,0,0
1.3,0.95,0.91,6.2,86.4,3.18,2,1,1
1.71,1.39,1.35,6.2,65.9,3.74,1,1,1
0.4,0.0,0.06,6.2,73.8,4.97,2,0,1
3.32,3.69,3.7,5.3,78.9,3.85,1,0,1
1.76,1.26,1.26,9.5,77.3,3.38,3,1,1
1.65,1.92,1.97,9.4,82.2,3.37,3,1,1
3.9,3.76,3.76,3.6,90.7,5.05,2,0,0
2.07,1.82,1.82,5.0,88.6,1.68,3,0,0
3.35,3.1,3.16,5.0,81.2,3.57,2,0,0
0.88,0.67,0.71,3.5,75.8,0.84,2,0,0
2.65,2.63,2.68,4.2,85.9,4.2,3,0,1
0.6,0.8,0.83,3.5,75.3,2.37,1,0,1
1.4,1.56,1.57,8.6,86.4,2.17,3,1,0
1.1,1.48,1.45,4.1,76.6,5.52,4,1,0
2.14,2.67,2.67,8.0,74.8,3.13,0,1,0
1.19,1.21,1.21,5.7,77.6,4.63,3,0,1
1.51,1.95,1.89,5.3,72.5,4.67,2,0,0
2.42,2.59,2.61,5.7,79.5,3.82,4,1,1
2.32,1.71,1.71,3.2,85.3,4.57,1,0,0
3.28,2.83,2.8,4.1,86.4,2.07,1,0,0
3.19,3.38,3.41,7.8,81.3,3.41,1,0,0
1.32,1.39,1.36,8.1,66.2,3.52,2,1,1
0.21,0.29,0.29,6.1,86.5,2.95,4,1,0
1.19,1.1,1.05,6.4,82.4,1.99,5,0,1
3.2,3.54,3.54,8.0,87.2,3.75,2,0,0
3.6,3.93,3.93,6.6,76.1,6.58,1,0,0
3.42,3.57,3.58,4.8,89.1,4.76,2,0,0
1.43,1.08,1.08,7.3,88.3,4.09,4,1,0
1.87,1.45,1.46,4.8,66.1,4.11,0,1,0
0.44,0.97,1.03,5.0,82.7,5.23,0,0,0
2.25,2.07,2.07,6.9,100.0,3.58,3,0,0
1.3,1.64,1.64,5.3,61.5,2.96,3,0,1
3.56,3.92,3.92,5.6,93.2,4.4,3,0,0
0.36,0.81,0.84,4.8,68.9,4.36,2,0,1
1.04,1.34,1.29,6.6,78.6,1.49,1,1,1
0.68,0.4,0.47,6.7,81.1,3.88,5,0,1
2.44,1.76,1.77,1.5,61.9,3.03,2,1,1
1.63,1.74,1.75,6.1,85.7,3.88,2,1,0
0.0,0.0,0.0,8.7,82.6,1.04,3,1,1
1.95,1.83,1.86,4.5,80.2,4.87,1,0,0
2.7,2.44,2.39,4.7,77.0,5.66,2,1,1
1.75,1.52,1.52,5.5,77.3,4.31,2,0,1
1.7,1.62,1.67,4.6,87.7,2.07,1,1,1
2.48,2.38,2.37,8.0,75.7,4.6,1,0,1
1.89,1.84,1.9,3.8,93.3,3.97,5,1,1
1.75,2.08,2.13,8.4,76.3,4.02,2,0,1
1.85,1.63,1.58,4.8,68.3,4.16,2,1,1
2.34,2.12,2.17,7.8,91.2,2.73,1,0,1
0.0,0.33,0.24,6.1,82.5,3.16,1,1,1
1.46,1.25,1.21,8.0,94.8,3.99,1,0,0
0.57,0.76,0.75,4.0,82.4,4.73,1,1,1
0.9,0.72,0.61,7.9,71.3,3.62,1,1,1
4.0,3.86,3.85,2.8,81.2,4.69,5,0,0
0.67,0.6,0.56,8.2,88.2,5.24,4,0,1
4.0,3.76,3.77,6.1,99.9,5.03,4,0,0
2.77,3.1,3.14,3.0,77.3,4.24,1,0,1
2.0,1.88,1.88,4.2,85.7,4.23,3,0,1
4.0,3.84,3.9,1.0,83.2,1.66,1,0,0
1.36,1.76,1.66,7.5,77.0,3.35,6,1,1
1.12,1.2,1.09,8.0,71.2,5.2,0,0,1
1.87,1.89,1.92,4.9,87.9,1.99,1,1,0
3.17,2.82,2.82,2.7,85.2,5.2,1,1,1
2.32,2.77,2.77,6.6,80.8,4.99,3,0,1
3.04,2.58,2.55,2.7,79.1,4.46,3,1,1
1.95,1.53,1.52,7.0,89.5,4.26,1,0,1
2.51,2.34,2.26,6.6,83.8,4.57,4,0,0
1.74,1.34,1.34,7.6,76.2,4.56,3,0,0
2.96,2.73,2.73,2.1,82.5,3.94,1,0,0
1.21,0.94,0.94,6.9,81.2,6.73,3,1,1
3.05,2.9,2.89,6.8,97.5,5.18,2,0,0
2.92,2.86,2.91,8.0,77.6,2.57,2,0,1
2.19,1.92,1.9,3.4,77.5,3.07,5,0,1
0.85,1.41,1.5,6.5,99.8,2.36,2,1,1
1.47,1.36,1.43,5.5,81.4,5.12,3,1,1
0.35,0.28,0.28,5.1,65.9,3.25,1,0,1
1.4,1.66,1.68,6.0,93.0,1.66,2,1,1
1.04,1.0,1.0,4.7,77.7,5.56,0,0,1
3.13,2.46,2.48,8.1,77.0,3.01,1,0,1
2.96,2.62,2.6,5.8,89.3,5.16,3,1,1
2.5,2.05,2.1,5.3,74.1,5.31,3,0,0
3.47,3.76,3.82,6.9,96.8,4.63,2,1,0
2.14,2.47,2.51,7.4,92.0,4.52,0,0,0
3.46,2.72,2.68,7.9,75.4,3.51,2,1,0
1.23,0.89,0.96,7.9,71.6,4.7,4,0,1
3.25,3.03,2.94,4.1,100.0,4.2,3,0,0
3.2,3.61,3.61,3.9,77.1,5.36,6,0,1
3.51,3.31,3.34,3.5,84.5,3.05,1,1,0
2.9,3.03,3.03,7.5,95.6,3.59,1,1,0
1.7,1.51,1.49,6.3,79.4,3.75,1,0,1
0.0,0.0,0.0,5.8,72.8,2.08,3,1,1
2.47,2.27,2.35,7.2,82.2,1.99,1,1,1
3.36,3.5,3.5,7.0,82.6,4.87,1,1,0
0.22,0.22,0.23,5.4,64.4,0.5,3,1,1
1.7,1.24,1.14,5.2,87.4,4.58,1,0,0
2.52,2.82,2.82,7.6,84.4,2.82,2,0,0
2.96,3.3,3.27,6.2,100.0,5.09,2,0,0
3.31,3.94,3.94,4.8,84.1,3.32,4,1,0
1.88,1.95,1.92,6.7,77.6,4.72,2,0,0
2.06,2.0,1.98,8.2,74.4,4.39,2,0,1
3.33,3.53,3.53,5.7,86.0,3.71,3,1,0
3.84,3.85,3.85,5.3,99.2,4.87,1,0,0
1.98,1.85,1.84,6.3,72.4,2.06,1,1,0
3.33,2.81,2.81,4.4,87.6,3.63,2,1,1
3.07,2.98,3.01,6.3,71.0,3.38,3,0,0
1.43,1.44,1.44,6.4,76.8,3.24,0,0,0
2.2,2.12,2.06,4.2,94.9,3.66,1,0,0
1.18,1.33,1.33,5.5,78.0,1.68,3,0,1
4.0,3.87,3.85,5.1,93.4,4.96,1,0,0
1.42,1.79,1.75,6.9,94.1,2.45,4,0,1
0.6,0.0,0.0,6.4,87.0,4.54,1,0,1
3.39,3.32,3.26,5.1,75.0,4.3,0,0,0
2.59,2.19,2.22,4.1,79.1,4.16,1,0,1
1.67,1.66,1.67,6.8,72.3,5.63,2,1,1
2.69,2.43,2.43,9.0,91.5,3.46,1,1,0
4.0,4.0,4.0,4.9,80.1,3.7,2,0,0
2.69,2.27,2.28,5.9,77.8,3.92,2,0,0
0.86,1.12,1.13,5.0,71.5,2.37,0,1,1
1.2,0.89,0.89,5.2,73.7,4.65,3,0,1
0.07,0.0,0.0,7.9,70.6,3.39,0,0,1
0.07,0.0,0.1,5.4,89.3,4.06,1,1,1
0.03,0.0,0.0,6.0,87.4,4.98,1,1,1
2.1,1.71,1.71,6.0,73.8,5.38,4,0,1
2.41,2.11,2.13,5.5,83.6,3.16,3,0,1
0.0,0.0,0.0,9.6,82.9,4.6,2,1,1
2.06,2.25,2.22,5.3,78.2,2.14,0,1,1
3.02,3.03,3.02,6.6,81.7,4.2,1,0,0
2.3,2.5,2.55,7.3,98.3,3.71,1,0,1
2.78,2.94,3.04,5.6,82.2,4.13,2,1,0
2.03,2.55,2.43,3.9,75.6,1.05,2,1,0
2.17,2.0,2.0,5.4,85.4,4.24,4,0,1
1.4,1.35,1.37,7.0,75.7,4.5,1,0,1
2.55,2.03,2.08,6.4,80.7,3.69,2,1,1
1.65,2.17,2.13,5.8,80.3,3.16,1,0,1
0.87,0.45,0.42,7.7,79.5,3.44,0,0,0
2.61,2.34,2.4,4.8,83.0,4.8,2,1,0
0.42,0.39,0.43,5.8,86.1,4.32,3,1,1
2.39,2.2,2.23,5.0,65.4,5.61,1,1,1
2.54,2.61,2.67,7.2,84.3,3.54,4,0,1
2.52,2.47,2.47,6.1,86.6,2.9,3,1,0
2.82,2.65,2.65,6.6,80.2,4.31,0,0,0
1.83,1.32,1.31,7.0,78.4,3.45,2,1,1
2.03,1.71,1.72,7.5,82.3,3.75,4,1,1
2.6,2.34,2.33,4.4,76.0,3.29,3,1,0
1.88,2.2,2.2,6.8,78.3,5.71,3,1,1
2.6,3.05,3.07,6.2,82.9,3.57,2,0,0
2.4,2.62,2.54,6.5,84.6,3.0,1,0,1
0.0,0.29,0.34,7.9,71.2,3.19,1,1,1
3.69,3.71,3.64,1.8,75.7,4.66,3,1,0
1.59,1.69,1.67,4.1,75.0,5.6,2,1,0
3.26,2.97,3.02,1.7,82.7,5.43,1,1,0
1.57,1.26,1.24,7.6,75.8,6.15,5,1,1
0.82,0.98,0.9,6.5,85.7,3.15,0,0,1
3.19,3.02,3.03,3.1,76.7,3.49,2,1,0
3.92,3.85,3.97,1.1,89.5,4.99,0,0,0
1.5,1.12,1.12,3.3,88.6,4.06,1,0,1
1.41,1.29,1.25,6.0,71.8,4.35,5,1,1
0.0,0.02,0.07,3.2,89.7,3.33,1,1,1
0.0,0.34,0.44,5.9,82.6,2.04,1,1,1
2.86,3.15,3.19,6.3,91.5,3.61,0,0,1
1.89,2.22,2.23,5.4,76.0,3.67,0,0,1
3.17,2.68,2.62,10.0,75.9,2.92,2,0,1
1.61,0.85,0.82,7.2,77.3,6.12,2,1,0
1.5,1.47,1.47,4.9,78.4,3.73,0,1,0
3.57,3.49,3.49,3.3,92.3,7.1,2,1,0
3.82,4.0,4.0,7.9,93.3,4.64,2,0,0
3.62,3.71,3.73,3.5,71.4,2.62,1,0,0
1.53,1.48,1.58,6.9,82.9,5.03,3,0,1
1.95,1.92,1.87,7.4,89.6,0.99,2,1,0
3.57,3.7,3.69,6.1,90.4,5.43,0,0,1
2.2,2.84,2.84,4.9,81.7,5.38,3,0,0
0.65,0.41,0.38,7.2,86.9,2.63,3,1,1
2.2,2.41,2.39,5.1,100.0,2.49,2,0,0
1.61,1.74,1.74,3.4,90.9,2.88,1,0,0
1.74,1.87,1.85,7.3,80.2,4.34,1,0,0
2.41,1.51,1.54,6.0,84.9,3.97,2,0,0
1.67,1.31,1.31,7.5,74.3,7.06,3,0,0
2.72,2.54,2.54,4.0,74.6,2.5,3,0,1
3.39,3.15,3.15,2.5,75.3,2.67,3,0,0
1.24,1.22,1.11,5.7,68.2,3.82,1,0,1
4.0,4.0,4.0,3.1,73.7,6.06,1,1,0
2.87,2.75,2.71,4.5,65.1,4.09,4,1,1
1.68,1.61,1.66,6.5,71.9,2.01,2,1,1
3.42,3.55,3.5,7.5,76.5,3.94,1,0,0
2.02,1.48,1.47,3.7,73.8,5.18,2,1,1
2.1,2.07,2.17,6.5,70.7,5.14,1,0,1
2.7,3.09,3.09,3.8,82.0,5.46,1,0,0
4.0,4.0,3.97,6.8,82.3,4.79,3,0,0
3.07,3.01,2.97,7.5,94.1,4.54,1,0,1
1.15,0.76,0.79,6.3,86.7,5.16,2,0,1
0.97,0.63,0.63,3.1,91.0,3.17,1,0,1
1.37,1.11,1.12,3.8,79.4,3.2,4,0,1
2.97,3.56,3.55,6.0,86.6,3.15,5,0,0
1.43,1.35,1.35,5.9,78.1,4.79,2,0,0
1.16,0.92,0.83,6.4,80.1,3.8,2,0,0
1.73,1.85,1.86,5.7,73.9,5.3,0,0,1
0.75,0.66,0.66,4.6,90.0,3.67,2,0,1
0.84,1.01,1.01,5.4,83.7,1.87,1,0,1
1.6,1.86,1.84,6.7,77.6,3.03,1,0,0
0.92,0.98,0.98,7.8,87.2,5.62,1,0,1
0.86,1.38,1.43,7.6,76.1,3.88,3,0,1
1.61,1.71,1.71,6.9,80.9,4.07,0,0,0
1.74,2.23,2.28,8.1,84.0,3.63,3,1,1
4.0,3.79,3.67,6.9,95.4,4.13,4,0,0
2.75,2.7,2.7,5.4,85.6,2.76,2,0,0
1.68,1.5,1.53,9.3,84.5,3.75,2,1,1
0.0,0.0,0.02,8.6,78.1,2.83,1,1,1
1.3,0.63,0.62,4.4,74.1,4.27,5,1,1
1.86,1.98,1.98,5.8,85.1,4.63,3,0,1
1.25,0.83,0.75,5.9,77.5,2.0,1,1,1
2.6,2.28,2.36,9.0,87.6,5.78,1,0,0
3.9,4.0,4.0,4.2,87.7,6.1,2,1,0
3.2,3.28,3.24,2.6,88.3,4.51,2,0,0
3.85,4.0,3.9,4.5,87.2,6.58,1,0,0
1.25,1.39,1.44,5.3,83.8,5.48,2,1,1
3.0,3.1,3.06,2.6,89.9,2.64,3,1,0
0.42,0.55,0.62,6.8,70.3,4.18,2,1,1
0.56,0.75,0.75,4.6,84.6,5.15,7,0,1
0.84,0.53,0.56,6.9,71.3,4.02,1,0,1
1.84,2.88,2.95,4.9,86.8,3.2,1,1,0
0.91,1.14,1.1,4.2,82.7,4.58,3,0,1
1.59,1.12,1.07,5.6,94.5,1.23,0,1,0
1.54,1.51,1.51,6.9,68.5,2.09,0,0,1
2.07,2.44,2.44,7.4,83.7,4.94,1,1,0
2.69,3.03,2.97,4.7,97.1,4.78,2,1,0
2.5,2.64,2.68,7.9,75.7,5.75,3,0,0
3.11,2.72,2.7,4.2,82.8,3.71,1,0,0
1.29,1.46,1.56,7.6,81.8,2.38,2,0,1
1.95,1.77,1.77,6.3,90.8,3.28,1,0,1
0.94,1.24,1.23,4.9,69.4,1.46,3,0,1
0.29,0.66,0.66,4.4,72.3,2.03,1,0,0
1.94,1.88,1.79,4.9,88.1,5.18,2,1,0
0.5,0.45,0.44,5.7,72.3,1.7,1,0,1
1.51,1.47,1.45,8.7,77.1,6.38,0,1,1
4.0,3.54,3.53,5.4,87.9,4.5,2,0,0
4.0,3.82,3.82,3.5,91.3,5.24,3,0,1
2.6,2.38,2.36,6.2,80.4,2.28,2,1,0
2.08,2.98,3.05,5.0,71.5,4.0,4,1,1
4.0,4.0,3.94,5.1,83.0,5.39,1,1,0
3.51,3.6,3.6,4.8,97.5,3.13,0,0,0
3.47,2.72,2.68,4.7,74.5,3.74,3,0,0
1.04,0.79,0.79,3.8,77.4,2.87,2,0,0
1.67,1.36,1.35,3.5,84.5,1.56,2,0,1
0.96,0.9,0.9,5.5,86.1,3.36,2,1,0
3.01,2.76,2.7,4.3,89.1,5.17,3,1,0
2.44,2.81,2.85,6.1,82.7,3.4,2,1,0
1.61,1.5,1.49,4.6,78.4,3.28,2,0,1
3.36,3.58,3.5,5.3,91.0,5.93,2,0,0
3.16,2.96,2.96,4.3,85.0,1.69,0,0,0
2.17,2.22,2.22,3.9,87.9,4.37,0,1,0
0.48,0.37,0.37,5.9,100.0,3.28,2,1,1
0.94,0.84,0.84,6.9,83.0,3.44,2,0,1
0.98,1.08,1.05,6.4,90.8,6.55,5,1,1
2.88,3.13,3.13,4.9,86.3,4.13,2,1,1
1.2,1.21,1.19,6.9,78.7,3.52,2,0,1
2.44,2.7,2.69,9.6,94.8,4.45,2,0,0
2.68,3.03,2.95,4.5,76.5,4.68,5,1,0
2.01,2.23,2.29,7.3,73.7,3.78,1,0,0
0.42,0.0,0.0,10.0,80.5,2.32,2,1,1
0.0,0.12,0.13,6.1,62.6,4.18,1,0,1
0.64,0.86,0.89,6.1,85.8,3.4,3,1,1
0.64,0.63,0.62,4.3,64.8,4.92,2,0,0
3.43,3.48,3.55,3.2,94.6,3.99,0,0,0
0.36,0.92,0.9,6.6,76.9,3.06,4,0,1
2.24,1.87,1.87,5.1,84.0,4.19,2,0,0
2.14,2.56,2.56,4.0,76.3,3.73,3,0,1
1.82,1.81,1.8,5.8,86.6,3.47,3,0,1
2.7,3.01,3.04,4.1,96.3,2.89,0,1,0
2.45,2.3,2.27,6.6,69.1,4.79,4,0,1
0.86,1.12,1.12,5.6,81.0,4.46,0,1,1
3.18,3.58,3.55,4.5,70.4,4.96,1,0,0
4.0,3.63,3.59,3.5,81.9,5.0,1,0,0
4.0,3.56,3.58,2.1,76.7,4.81,1,0,0
1.12,1.27,1.31,7.3,73.1,6.28,4,1,1
2.54,2.41,2.37,4.3,82.6,4.85,3,1,1
2.85,2.87,2.82,5.0,93.1,5.72,0,0,0
3.08,2.72,2.72,4.7,82.5,5.56,0,0,0
2.75,2.68,2.72,7.3,88.1,3.74,3,1,1
0.0,0.01,0.0,6.4,78.4,2.96,1,0,1
1.04,0.93,0.95,6.5,74.8,4.77,1,1,1
0.0,0.55,0.52,9.1,83.4,6.41,3,0,1
0.6,0.31,0.31,6.9,76.5,5.14,2,0,1
3.63,3.52,3.56,4.1,87.6,1.99,2,1,0
2.69,2.79,2.72,4.6,81.8,5.82,1,1,0
2.15,2.2,2.18,7.3,79.8,3.69,4,1,1
2.88,3.1,3.07,7.0,82.6,2.33,0,0,0
2.03,2.0,1.97,9.3,88.8,3.64,1,0,1
3.21,2.73,2.81,4.5,89.6,3.38,3,1,1
1.48,1.45,1.44,6.6,78.8,5.61,1,1,0
2.79,2.78,2.78,3.2,79.0,3.43,1,1,0
2.59,2.69,2.77,7.4,81.5,5.89,2,1,0
0.76,0.45,0.5,7.5,70.2,3.82,3,1,1
1.27,1.4,1.38,5.9,81.1,2.63,1,1,1
1.35,1.36,1.37,6.6,100.0,3.27,3,0,0
0.0,0.07,0.13,4.4,84.9,4.05,1,0,1
1.39,1.73,1.72,7.1,84.0,5.43,1,0,1
3.97,3.75,3.75,3.0,69.9,4.67,1,0,0
1.33,1.15,1.11,3.7,80.6,3.1,0,0,0
0.36,0.09,0.06,9.1,82.4,4.07,4,1,1
3.72,4.0,4.0,4.2,86.1,5.83,1,0,0
3.07,3.26,3.29,5.0,97.8,2.63,0,0,0
1.85,2.09,2.08,6.6,84.7,2.81,3,0,1
0.42,1.04,1.14,6.3,81.4,3.62,1,0,1
1.05,1.1,1.04,9.0,92.4,3.87,2,1,1
0.41,0.85,0.77,7.5,85.2,5.65,3,1,1
3.18,3.79,3.81,2.8,90.8,1.59,5,0,0
2.46,2.43,2.4,5.9,68.7,4.48,2,0,1
3.78,4.0,3.99,6.2,74.7,3.95,1,1,0
1.58,1.56,1.62,8.0,93.6,6.0,0,0,0
1.43,1.39,1.39,5.0,72.3,3.29,2,1,1
3.2,2.96,2.94,6.0,85.6,3.81,1,1,0
2.71,2.26,2.26,6.8,91.8,0.95,2,0,1
1.84,2.12,2.16,6.8,85.8,7.02,4,0,0
3.9,3.8,3.81,4.7,91.5,3.17,0,0,0
2.1,2.03,2.02,7.7,90.7,1.76,5,0,1
3.39,3.13,3.07,3.4,80.7,5.91,0,1,0
0.0,0.0,0.0,8.4,76.5,3.73,0,1,1
0.57,0.44,0.49,5.4,73.7,5.75,3,1,0
1.35,1.53,1.52,2.9,71.7,2.84,2,0,1
1.73,1.31,1.33,6.7,80.3,3.89,2,0,1
0.45,0.99,1.05,6.8,74.6,2.7,1,0,1
3.77,3.57,3.57,4.0,77.6,2.11,1,1,0
2.9,2.89,2.91,3.5,80.9,3.72,1,1,0
0.65,1.16,1.21,5.8,88.3,4.18,2,1,1
3.02,2.87,2.81,7.9,98.2,3.17,3,0,0
2.84,2.22,2.22,5.0,79.4,1.99,1,1,0
3.43,4.0,4.0,1.0,83.4,4.35,1,0,0
1.64,1.96,1.96,6.3,84.5,1.77,3,1,1
1.78,1.84,1.78,9.4,80.0,4.85,3,0,1
0.41,0.4,0.4,7.9,93.3,3.04,2,1,1
2.32,2.0,2.1,8.7,85.7,4.77,0,0,0
2.77,2.68,2.8,8.1,86.9,3.94,3,1,0
0.44,0.76,0.78,7.3,79.4,3.41,2,0,1
3.73,3.31,3.44,3.6,88.7,2.77,4,0,1
1.64,1.67,1.64,5.8,77.6,2.33,1,0,0
1.24,1.25,1.31,6.5,75.7,3.27,2,0,0
1.57,1.53,1.44,5.8,71.9,4.68,2,1,1
4.0,4.0,3.99,3.3,76.3,3.46,3,0,0
3.53,3.67,3.64,3.0,78.6,2.05,2,1,0
0.93,0.82,0.9,5.8,75.6,3.89,4,0,1
0.53,0.44,0.5,5.9,78.2,3.54,1,0,1
1.52,1.96,1.96,6.7,75.2,6.98,2,1,1
2.03,1.69,1.69,3.9,80.5,4.82,1,0,0
3.35,3.27,3.24,5.0,76.7,3.06,1,0,0
2.3,2.63,2.67,8.0,97.3,3.51,3,0,1
1.16,0.8,0.75,5.2,69.4,3.42,1,0,0
0.68,0.93,0.93,6.7,74.5,1.35,0,1,1
2.9,3.04,3.0,7.1,99.5,4.6,4,0,1
1.93,1.79,1.79,6.2,84.5,2.64,1,1,0
2.55,2.06,2.06,3.8,88.2,4.7,2,0,0
0.0,0.62,0.6,5.5,87.8,3.67,3,0,1
0.0,0.22,0.18,7.5,79.6,3.52,2,1,0
3.27,3.46,3.52,6.2,92.1,4.1,1,1,0
2.22,2.42,2.45,4.2,81.8,5.22,4,0,0
1.65,1.92,1.93,6.9,98.4,3.85,1,0,1
0.0,0.69,0.67,7.9,66.3,3.55,3,1,1
4.0,3.78,3.78,6.1,100.0,7.19,1,0,0
3.81,4.0,3.99,5.9,81.5,6.66,1,1,0
2.88,3.07,3.07,2.8,68.7,5.92,0,0,0
3.33,3.43,3.43,3.8,85.5,4.29,5,1,0
2.74,2.61,2.62,6.8,78.8,6.76,2,0,0
0.44,0.37,0.37,6.3,64.6,4.54,3,1,1
2.04,2.36,2.36,4.6,74.9,4.41,1,0,1
2.03,2.73,2.79,3.8,78.9,4.45,1,0,1
0.94,0.93,0.93,6.8,80.3,3.91,1,0,1
1.13,1.11,1.21,5.1,73.6,4.59,2,0,1
1.87,1.89,1.84,6.7,74.9,1.99,1,1,1
1.6,1.56,1.58,6.9,79.4,3.36,2,1,1
2.38,2.53,2.46,5.9,84.0,3.53,1,0,0
1.09,0.87,0.9,5.9,71.1,4.73,4,1,1
1.79,1.54,1.51,7.7,100.0,1.19,2,0,0
3.46,3.74,3.74,5.0,84.5,4.66,3,1,0
3.9,3.91,3.91,7.1,81.5,5.93,2,0,1
0.15,0.38,0.41,6.5,94.9,2.1,1,1,1
1.34,0.94,0.99,7.8,78.8,3.54,3,0,1
3.15,2.72,2.79,3.1,73.6,4.83,1,0,0
0.92,1.45,1.42,6.8,88.0,4.62,2,1,1
2.75,2.87,2.83,4.0,75.6,5.02,5,1,0
1.78,1.99,1.98,4.5,90.6,1.52,1,0,1
3.28,3.48,3.52,1.9,75.1,3.53,0,0,0
4.0,3.6,3.6,5.0,84.3,4.55,2,0,0
3.0,2.79,2.79,3.4,83.5,4.07,0,0,0
1.23,0.75,0.88,7.5,87.9,1.41,0,0,1
0.0,0.46,0.44,10.0,82.8,2.51,2,0,0
1.27,1.2,1.12,8.6,73.4,3.91,2,0,1
0.62,0.76,0.75,5.9,78.8,3.95,3,0,1
0.82,1.01,1.03,3.9,73.4,3.51,5,0,1
2.65,1.95,1.95,5.3,85.0,5.19,2,0,0
2.62,2.56,2.56,6.9,67.7,5.32,2,1,1
3.25,3.18,3.18,8.8,99.2,4.14,5,0,0
2.22,2.5,2.5,5.5,78.2,2.46,3,1,1
3.84,3.68,3.64,5.3,76.2,6.03,1,0,0
0.85,0.77,0.75,8.3,77.8,5.3,3,0,1
2.32,2.69,2.76,6.3,85.4,5.61,2,0,1
0.47,0.55,0.52,5.9,83.8,3.54,1,0,1
3.35,2.89,2.88,5.6,70.7,2.55,3,0,0
1.47,1.22,1.29,8.2,62.2,5.33,1,0,1
2.86,3.13,3.14,5.7,77.5,4.55,1,0,0
3.2,3.14,3.14,5.0,81.1,3.9,2,0,0
0.96,0.76,0.72,5.8,74.4,3.13,4,0,1
3.0,3.25,3.22,7.3,80.5,2.94,2,1,0
1.47,1.59,1.63,6.6,71.0,4.56,1,1,1
2.15,1.91,1.93,5.2,64.4,5.14,1,1,0
1.5,1.35,1.4,6.6,73.0,4.32,1,1,1
2.0,2.07,2.04,6.1,80.4,5.39,7,1,1
2.38,2.45,2.46,5.0,82.4,2.41,0,1,0
0.97,0.7,0.7,6.2,83.6,5.06,1,0,1
1.83,2.14,2.17,5.3,77.5,4.09,2,1,0
0.0,0.44,0.44,8.6,69.6,4.59,2,1,1
3.45,2.99,2.89,7.0,79.4,3.83,1,1,0
1.75,1.44,1.44,7.4,75.4,3.67,2,1,1
3.38,3.6,3.6,4.7,79.4,5.15,2,1,1
2.65,2.56,2.51,3.7,72.0,3.24,0,1,0
1.72,1.84,1.76,7.9,70.6,3.59,2,1,0
2.31,2.36,2.29,5.1,80.8,3.75,1,0,0
2.11,1.91,1.92,3.6,89.2,2.3,5,1,0
1.39,1.45,1.36,8.8,94.3,5.16,2,0,1
2.04,2.02,2.02,7.9,74.1,3.67,4,1,1
0.44,0.46,0.46,6.4,80.3,3.52,3,1,1
2.7,2.98,2.98,7.4,80.7,5.46,1,1,0
3.18,3.21,3.22,4.8,78.8,2.74,0,1,0
2.35,1.79,1.79,6.0,84.8,3.81,3,1,1
1.33,1.64,1.68,6.1,81.4,3.78,2,0,1
0.71,0.62,0.79,10.0,86.4,4.28,2,0,1
1.89,2.29,2.37,8.0,95.2,4.02,5,0,0
1.46,1.11,1.11,4.8,75.1,4.06,0,0,1
1.26,1.24,1.24,4.8,76.1,3.47,2,0,0
2.41,2.51,2.53,3.7,81.0,3.38,3,0,0
2.86,3.25,3.36,7.2,92.2,4.37,3,0,0
1.42,1.44,1.34,6.0,67.5,2.64,2,0,1
0.97,0.8,0.77,6.1,79.1,3.62,2,0,1
0.43,0.11,0.13,8.3,70.4,3.3,2,0,1
3.94,3.81,3.83,6.0,75.7,4.35,2,0,0
0.5,0.26,0.32,8.3,67.1,4.91,1,1,1
1.9,2.11,2.19,4.3,82.1,4.72,1,0,0
1.75,2.13,2.15,5.5,92.4,6.32,2,0,0
2.23,3.05,3.08,4.9,76.2,2.7,1,0,0
1.98,2.13,2.06,6.7,77.6,5.1,3,0,1
2.53,2.89,2.92,6.9,78.8,2.25,1,0,0
1.26,1.24,1.32,8.5,77.9,4.76,1,0,1
0.0,0.0,0.02,9.9,69.6,4.53,2,0,1
1.94,1.59,1.59,5.2,61.7,4.04,2,0,1
2.97,2.96,2.98,5.5,74.1,2.0,2,1,1
0.65,0.62,0.71,6.8,76.3,6.18,2,0,1
1.74,1.42,1.42,4.4,83.3,4.59,0,0,0
2.13,1.83,1.85,5.1,88.6,3.85,2,1,0
2.82,2.94,2.92,5.7,95.5,3.95,2,0,0
3.33,3.18,3.18,8.3,95.4,1.55,3,0,0
1.77,1.79,1.83,5.2,73.3,3.2,2,1,1
1.73,1.76,1.76,4.9,80.8,3.46,1,0,0
0.49,0.48,0.45,9.1,68.8,5.24,0,0,1
0.0,0.31,0.28,7.7,83.6,1.43,1,1,1
3.75,4.0,4.0,1.9,64.6,5.83,3,0,0
2.99,2.73,2.73,4.6,72.6,3.31,3,0,1
4.0,4.0,4.0,6.2,99.7,5.71,2,0,0
2.95,2.65,2.65,5.6,90.8,5.1,1,0,0
0.7,0.39,0.33,8.2,66.9,5.91,3,0,1
2.37,2.25,2.25,5.7,81.8,4.54,0,0,0
2.99,3.31,3.35,3.5,89.0,6.13,4,1,0
1.74,1.29,1.21,7.3,77.9,2.94,1,0,0
0.25,0.42,0.46,6.5,77.3,3.13,3,0,1
0.28,0.0,0.12,6.3,82.2,4.53,2,0,1
2.14,1.96,1.92,7.4,82.7,3.83,2,0,1
3.45,3.34,3.39,4.3,77.2,4.23,1,1,0
2.9,2.85,2.9,7.0,100.0,3.42,1,0,0
4.0,3.77,3.82,2.0,83.1,3.3,1,0,0
1.12,0.85,0.83,5.3,81.8,2.34,5,1,1
1.43,1.85,1.77,6.4,77.9,5.4,3,1,1
3.48,3.64,3.68,1.4,75.9,6.42,1,1,0
1.05,0.83,0.8,7.8,71.0,6.07,3,0,1
3.4,4.0,4.0,3.3,77.3,5.91,2,0,0
0.18,0.03,0.0,6.0,91.3,3.13,0,1,1
2.79,3.01,3.01,7.2,88.6,2.9,0,0,0
4.0,4.0,4.0,6.1,85.1,5.8,5,0,0
3.14,3.42,3.42,1.7,81.0,6.86,1,1,0
3.3,3.19,3.29,2.9,82.7,2.56,6,0,0
0.75,0.72,0.74,6.1,72.4,4.18,1,0,1
0.82,0.94,0.92,7.0,83.1,4.05,1,0,0
3.44,2.89,2.93,6.1,72.6,4.66,2,0,0
2.37,2.75,2.68,4.7,86.5,4.02,2,0,0
2.82,3.04,2.97,6.8,79.1,1.62,1,0,1
3.45,3.74,3.7,9.7,87.7,3.76,2,0,0
3.39,3.06,3.09,7.4,79.0,3.07,1,1,1
2.85,3.14,3.07,4.0,80.5,2.53,1,1,1
3.03,3.15,3.12,7.1,95.3,2.93,0,1,0
2.14,2.3,2.25,7.2,82.9,2.53,0,1,0
0.84,0.53,0.46,4.4,100.0,3.01,2,0,0
2.84,2.81,2.86,3.8,79.1,5.13,3,1,0
3.28,3.82,3.81,2.6,91.4,4.13,1,0,0
0.65,0.53,0.51,6.1,72.5,3.76,0,0,0
1.21,1.66,1.71,2.7,84.0,2.68,4,0,0
2.75,2.13,2.11,6.8,86.7,4.77,2,0,0
1.73,1.77,1.81,5.2,68.1,2.79,4,1,1
0.51,0.81,0.76,6.0,78.9,1.87,1,0,1
1.18,1.12,1.17,4.4,91.5,3.11,0,0,1
3.49,3.69,3.73,4.3,83.9,3.65,1,1,0
2.61,2.35,2.32,7.0,78.2,3.97,0,0,0
4.0,3.33,3.31,4.0,76.4,2.65,2,0,0
1.47,1.45,1.48,9.7,89.4,3.64,1,0,0
0.09,0.01,0.02,7.9,88.3,2.7,0,0,1
2.34,1.84,1.79,6.3,87.8,4.41,4,0,0
2.84,2.67,2.64,7.4,70.4,2.7,1,0,1
2.8,2.88,2.88,4.3,72.1,3.24,2,0,0
3.7,3.85,3.85,7.4,98.1,3.08,3,1,0
2.72,2.85,2.84,3.0,76.0,5.75,0,1,0
1.46,1.73,1.75,5.9,77.9,4.34,1,0,1
1.49,1.16,1.25,6.8,75.4,4.37,0,0,0
0.66,0.59,0.59,7.9,79.2,2.24,3,0,1
3.19,3.07,3.13,3.6,85.3,3.91,3,0,0
2.75,3.06,3.06,3.7,80.4,3.67,1,0,0
3.17,3.32,3.31,5.8,79.6,2.2,2,0,0
3.74,4.0,4.0,4.7,61.6,3.92,3,0,0
3.07,3.66,3.77,4.0,80.1,6.07,1,0,1
1.72,1.62,1.62,3.9,71.8,3.54,3,1,1
2.86,3.01,3.04,4.3,82.4,3.47,1,0,0
1.96,1.82,1.82,5.7,85.3,2.69,7,1,1
2.76,2.35,2.3,5.0,73.8,4.31,1,0,0
2.52,2.38,2.4,3.8,78.6,2.91,1,1,0
1.21,1.29,1.32,5.2,67.9,3.57,0,1,1
2.09,2.34,2.34,6.1,89.7,4.95,0,0,0
1.37,1.48,1.45,8.9,85.5,4.62,3,1,1
3.64,3.77,3.77,6.7,91.0,4.13,5,0,0
1.42,1.85,1.86,7.3,71.0,5.93,3,1,1
1.29,1.18,1.16,9.8,94.4,4.32,3,0,1
1.88,1.81,1.87,6.3,82.6,3.43,7,0,0
2.22,2.22,2.27,6.9,72.8,5.23,3,0,0
3.44,3.1,3.13,5.8,96.6,5.0,3,0,0
1.64,2.35,2.39,6.8,69.7,3.27,3,0,0
2.79,3.37,3.42,4.3,88.0,2.98,4,1,1
0.89,0.42,0.42,6.2,75.1,2.17,1,1,0
1.61,1.65,1.63,7.8,72.8,5.89,1,0,0
0.39,0.42,0.41,7.6,93.3,3.33,2,1,1
1.8,1.78,1.77,8.1,95.5,4.04,3,0,1
3.26,2.98,2.89,1.7,90.2,3.59,1,0,0
2.51,2.34,2.34,5.5,93.3,6.71,1,0,1
3.17,3.04,3.0,5.3,74.8,4.77,2,1,0
0.77,0.43,0.43,4.8,86.8,2.63,0,1,0
1.71,1.63,1.63,5.6,65.0,4.48,1,0,1
1.38,1.58,1.58,6.3,71.2,3.14,0,1,0
1.07,0.95,1.01,7.6,85.1,2.23,5,0,1
2.34,2.25,2.18,4.8,88.8,3.72,2,0,0
1.66,1.89,1.88,6.7,65.1,1.91,6,1,1
4.0,4.0,4.0,5.8,80.0,5.73,2,0,0
0.74,0.57,0.57,7.2,62.9,3.06,3,1,1
2.47,2.81,2.84,3.2,87.2,4.84,2,1,0
2.88,3.3,3.27,6.5,94.1,5.61,0,0,0
3.3,3.63,3.69,4.4,84.6,5.58,0,1,0
0.76,0.56,0.56,7.7,83.7,3.17,2,0,1
0.49,0.38,0.35,8.0,84.7,4.55,5,0,1
1.82,1.69,1.67,6.0,74.9,2.84,3,1,1
2.67,2.67,2.7,4.4,88.0,5.9,3,0,0
1.89,1.66,1.66,6.3,76.4,5.39,1,0,0
1.67,1.48,1.48,5.9,76.0,4.89,3,0,0
2.02,1.54,1.45,5.1,72.0,3.94,2,1,0
1.4,1.65,1.61,10.0,74.0,3.73,1,1,1
2.65,2.14,2.12,6.0,90.6,2.46,1,1,0
1.12,0.66,0.66,7.7,78.2,4.84,4,0,1
2.62,2.9,2.91,7.1,84.1,6.32,2,0,1
3.06,3.04,3.04,4.5,72.8,4.59,2,1,0
4.0,4.0,3.98,6.2,84.5,5.6,1,1,1
0.25,0.48,0.49,6.9,82.2,3.97,0,0,1
0.25,0.14,0.12,8.9,68.3,3.37,0,0,1
2.25,2.57,2.53,5.1,80.6,5.06,1,0,0
2.46,2.02,2.12,6.4,60.2,2.23,0,0,0
1.67,1.47,1.53,4.9,90.0,3.38,3,0,1
0.66,1.05,1.02,7.0,87.3,3.24,1,1,1
1.1,1.31,1.31,7.5,75.7,3.07,1,1,1
2.22,1.88,1.98,6.6,80.7,3.08,0,0,1
2.16,2.46,2.46,7.1,86.6,3.84,1,0,0
2.3,1.73,1.75,6.0,88.8,4.68,1,0,0
2.27,2.12,2.03,5.5,73.8,7.32,4,1,1
2.36,2.75,2.71,6.9,63.4,3.19,4,1,1
4.0,4.0,3.96,4.8,87.4,3.41,2,1,0
2.07,1.78,1.66,5.9,76.9,6.42,0,0,1
1.46,1.86,1.79,3.8,84.6,5.78,1,1,1
1.93,2.25,2.34,6.1,71.6,3.25,2,0,1
2.56,2.81,2.8,7.0,77.8,2.59,3,0,0
1.52,1.74,1.74,4.9,60.8,3.79,2,0,1
1.02,0.87,0.87,5.5,73.4,4.3,1,0,0
3.7,3.73,3.76,6.0,74.2,3.94,0,0,0
0.23,0.19,0.23,6.5,79.7,1.59,2,1,1
2.62,2.47,2.51,5.3,87.7,4.53,2,1,0
2.28,2.9,2.92,10.0,79.2,5.33,3,0,0
0.15,0.16,0.24,7.3,83.0,2.89,5,0,1
1.22,1.44,1.42,7.4,79.2,4.79,3,1,1
0.0,0.0,0.0,9.7,78.4,5.48,1,0,1
1.97,1.83,1.88,5.8,71.3,6.36,1,0,1
2.96,3.27,3.27,7.7,81.2,6.0,5,0,1
2.25,2.3,2.25,4.8,78.5,6.31,2,0,1
1.9,1.14,1.19,5.9,76.0,4.32,2,0,1
0.63,0.99,0.89,6.4,77.8,5.22,6,0,1
4.0,4.0,3.92,3.9,86.3,6.2,0,0,0
1.29,1.31,1.31,5.1,79.7,3.81,4,0,1
1.56,1.79,1.79,8.6,85.9,5.46,2,0,1
0.0,0.0,0.0,7.9,60.8,2.56,4,0,1
0.0,0.0,0.01,5.4,80.6,2.25,1,0,1
2.61,2.98,2.99,4.3,81.3,4.36,1,1,1
4.0,3.94,3.86,6.2,97.4,4.28,5,0,0
3.77,4.0,4.0,3.9,90.0,4.7,4,1,0
2.21,2.14,2.13,4.3,79.6,4.84,1,0,1
4.0,3.95,3.88,3.2,81.2,5.65,0,0,0
0.22,0.19,0.19,7.3,73.7,4.82,3,1,1
1.06,0.97,1.05,3.6,87.0,0.6,1,0,0
2.07,2.58,2.64,5.9,81.6,4.27,3,0,1
2.62,2.6,2.5,9.2,88.1,4.91,2,0,1
1.33,1.46,1.35,5.5,78.6,3.78,2,1,1
1.77,2.12,2.12,7.6,70.8,5.63,5,0,1
3.72,3.28,3.21,6.4,93.3,2.22,2,0,1
1.76,1.74,1.75,4.8,79.4,3.29,0,1,0
0.17,0.08,0.08,7.3,73.0,3.93,1,0,1
0.52,0.53,0.56,4.6,63.5,5.99,0,0,1
1.31,1.23,1.23,4.4,72.0,2.02,0,0,0
2.57,2.73,2.65,3.1,74.9,2.77,1,0,1
2.14,1.98,2.04,8.1,87.5,4.55,1,1,0
1.83,2.05,2.07,7.7,72.6,5.54,0,1,0
1.81,1.55,1.52,7.3,91.8,3.87,2,1,1
0.92,0.75,0.73,5.3,71.0,2.42,3,1,1
0.8,0.82,0.8,7.8,85.1,4.39,3,1,1
0.71,0.79,0.78,5.8,70.7,3.59,3,1,1
3.39,3.36,3.36,2.8,82.9,3.18,2,0,0
0.0,0.1,0.13,4.9,67.0,4.09,4,0,1
3.03,2.26,2.26,6.0,84.9,5.56,4,0,0
2.04,1.95,1.95,3.9,74.7,3.35,4,0,0
1.8,1.94,1.94,8.6,81.1,5.82,1,0,0
0.79,0.66,0.66,3.1,71.1,2.95,0,0,1
2.16,1.76,1.79,7.7,86.6,4.77,4,0,0
1.84,1.61,1.66,5.6,72.6,4.42,0,1,0
0.99,0.95,1.01,6.7,85.8,3.6,5,0,1
1.93,1.54,1.56,5.1,74.7,5.0,2,0,0
2.13,2.09,2.05,7.4,78.7,4.24,1,0,0
1.1,0.91,0.91,10.0,86.8,4.85,0,0,1
4.0,3.76,3.7,6.3,81.8,6.24,3,1,1
2.36,3.06,3.13,4.7,78.2,2.48,3,1,0
3.14,2.78,2.74,7.4,79.4,5.47,2,0,0
0.4,0.55,0.56,8.7,63.1,3.31,3,1,1
2.66,2.76,2.7,4.3,66.1,5.86,2,0,0
2.21,2.84,2.84,6.7,76.5,4.77,1,1,1
0.0,0.59,0.58,4.7,72.4,0.5,4,1,1
1.6,1.92,1.92,3.1,85.8,2.65,3,1,1
3.71,3.57,3.6,4.1,85.4,4.98,0,0,0
1.4,1.32,1.35,5.9,92.6,4.26,2,0,1
2.15,1.88,1.84,7.3,73.7,4.92,2,0,1
3.55,3.47,3.48,1.3,78.2,5.22,3,1,1
2.45,2.43,2.35,5.7,83.5,4.61,2,0,0
4.0,3.9,3.94,1.3,84.9,3.0,0,1,0
1.33,1.45,1.52,3.9,81.2,2.98,2,0,1
0.96,0.85,0.88,7.1,78.4,2.57,0,1,0
3.57,3.29,3.28,6.3,90.3,4.32,4,0,0
2.7,2.36,2.31,2.9,91.6,4.4,2,1,1
1.07,1.35,1.32,5.4,76.4,4.94,0,1,1
2.58,2.56,2.69,2.0,87.7,3.96,4,1,1
2.88,2.95,2.95,1.9,98.7,2.84,3,1,0
1.8,1.28,1.27,4.2,81.8,4.61,3,1,0
1.89,1.64,1.64,4.7,69.3,3.75,4,0,0
1.53,1.56,1.57,8.1,67.3,3.65,1,0,1
2.93,2.91,2.91,4.3,95.0,2.82,1,1,0
1.4,1.43,1.43,8.1,76.7,3.61,3,0,1
2.6,2.51,2.46,7.0,72.6,4.75,2,1,0
1.72,1.84,1.89,4.7,71.2,3.59,0,1,1
1.73,1.87,1.87,7.0,92.5,3.25,1,0,1
1.19,1.62,1.61,5.8,73.4,3.83,1,1,1
1.51,1.5,1.5,8.3,73.9,2.87,3,1,1
2.76,2.62,2.66,5.5,85.1,2.78,1,0,0
0.64,0.44,0.49,7.4,84.1,3.26,6,0,1
3.73,3.54,3.59,5.8,83.2,3.77,3,0,0
1.7,1.72,1.77,6.0,77.7,2.62,4,1,1
2.73,3.27,3.28,4.1,73.3,7.01,1,1,1
2.01,1.88,1.89,6.6,88.3,3.31,1,1,0
1.94,1.37,1.39,5.0,76.4,4.9,2,1,0
2.58,2.34,2.35,3.7,82.3,3.42,2,0,1
1.09,1.18,1.14,5.3,68.2,5.6,3,1,1
3.4,3.39,3.41,5.9,86.1,5.64,3,1,0
4.0,4.0,3.99,4.9,76.2,4.27,3,1,0
1.63,1.64,1.62,3.7,78.0,4.79,3,0,1
2.97,2.96,2.96,6.7,69.9,4.56,3,0,0
0.64,0.73,0.75,6.6,91.8,3.88,3,1,1
0.7,0.54,0.56,6.8,77.7,0.5,3,0,1
0.26,0.32,0.32,3.8,67.6,3.15,2,0,1
1.02,0.93,0.94,8.9,74.5,4.64,0,0,1
2.65,2.54,2.48,3.5,76.6,3.59,4,1,1
0.0,0.17,0.24,7.2,66.6,2.26,1,0,1
0.99,0.62,0.62,3.8,84.3,3.45,2,1,0
4.0,3.87,3.87,5.6,89.0,5.0,0,1,0
3.67,3.63,3.63,3.4,73.7,4.84,1,1,0
0.22,0.53,0.56,7.0,84.0,2.9,0,1,1
4.0,4.0,4.0,2.0,86.8,4.65,4,1,0
1.28,1.02,1.04,5.1,77.1,3.01,0,0,1
1.5,1.28,1.36,6.4,68.1,3.93,0,0,1
4.0,4.0,3.91,3.5,79.2,4.8,1,0,0
0.0,0.0,0.18,5.5,73.8,3.12,3,0,1
2.88,2.89,2.82,6.0,99.0,5.36,5,0,0
1.24,1.25,1.25,5.9,82.5,2.84,3,0,1
2.72,2.72,2.69,4.5,70.8,2.12,1,0,1
2.24,2.17,2.18,2.8,69.1,3.61,1,0,0
4.0,3.86,3.84,6.0,78.8,4.45,2,1,0
1.33,0.98,0.91,5.3,71.6,4.36,1,0,1
1.53,1.89,1.88,7.8,84.9,3.37,0,0,0
1.33,1.43,1.4,6.6,97.7,3.09,0,0,1
1.18,0.93,0.93,8.4,72.5,3.48,5,0,1
1.03,0.66,0.66,3.1,75.0,2.58,2,1,1
2.45,2.56,2.56,4.7,70.6,5.14,3,0,0
0.22,0.24,0.24,10.0,91.3,3.66,2,0,1
1.16,0.84,0.83,6.7,71.4,3.13,2,0,1
2.63,2.19,2.19,9.4,86.9,5.97,1,1,0
2.4,2.68,2.68,7.2,82.2,5.29,0,1,1
2.45,2.58,2.57,5.9,83.2,5.16,2,0,0
0.45,0.33,0.31,8.3,80.0,4.47,2,1,1
0.85,1.69,1.59,5.5,81.5,5.05,1,1,1
2.39,2.4,2.39,4.4,84.6,3.17,1,0,0
2.17,1.94,1.94,5.8,74.1,2.06,5,0,1
1.66,1.43,1.46,4.6,88.3,4.68,3,0,1
0.75,0.86,0.86,10.0,71.4,3.64,2,1,1
1.37,1.43,1.4,8.0,79.8,2.13,4,0,1
2.96,2.51,2.51,7.5,87.6,4.14,2,0,0
0.75,0.83,0.84,7.1,78.3,5.19,3,1,1
2.93,2.93,2.93,4.2,76.4,4.89,1,0,0
0.0,0.0,0.01,7.6,84.3,5.18,1,1,1
3.49,3.49,3.49,6.7,70.1,6.06,5,0,0
4.0,3.88,3.86,8.5,79.7,4.13,0,0,0
1.55,1.62,1.62,9.3,80.8,5.97,1,0,1
1.73,1.64,1.64,7.6,73.2,6.24,5,0,1
0.69,0.58,0.56,7.2,83.7,3.4,1,1,0
2.79,2.87,2.87,6.4,80.9,5.93,2,0,0
0.35,0.0,0.01,3.4,82.3,2.11,3,0,1
1.68,1.8,1.82,3.0,68.0,3.56,4,0,0
2.47,2.29,2.31,4.6,97.1,6.39,2,0,0
2.54,2.74,2.64,8.9,72.6,5.9,1,0,0
0.0,0.23,0.27,6.3,92.7,2.77,1,1,1
0.78,0.19,0.13,6.7,92.2,3.21,0,1,1
2.76,2.62,2.54,6.5,93.3,4.45,2,1,1
1.78,1.71,1.73,6.0,95.6,3.91,3,1,1
2.68,2.26,2.26,5.8,64.1,2.87,0,0,1
2.76,2.43,2.38,7.4,77.6,2.49,0,1,0
0.24,0.4,0.4,10.0,72.1,1.9,0,0,1
0.0,0.0,0.03,6.8,82.9,3.89,0,0,1
2.25,2.48,2.48,4.8,84.5,2.05,2,0,1
1.97,2.28,2.31,4.8,81.1,4.39,2,1,0
3.38,3.63,3.66,4.5,75.4,5.92,0,0,0
3.21,3.27,3.19,7.6,84.5,6.43,1,1,0
1.45,1.58,1.58,6.2,69.6,2.42,1,1,0
2.95,2.82,2.86,5.5,84.4,4.15,3,1,1
2.93,2.67,2.67,5.2,85.9,5.53,3,0,0
1.59,2.07,2.07,6.0,86.2,3.44,1,1,0
1.13,0.85,0.84,7.4,95.8,2.87,3,1,1
1.75,1.87,1.84,3.1,83.7,5.22,1,0,0
0.95,0.51,0.46,7.7,75.1,4.07,3,0,1
2.05,1.94,1.86,5.8,91.2,2.18,1,0,0
0.81,0.67,0.67,2.8,78.5,2.23,1,0,0
2.78,3.0,3.0,6.5,83.0,3.72,3,0,1
3.01,3.18,3.18,6.6,78.3,3.11,0,0,0
3.09,3.09,3.06,4.9,75.0,3.22,2,0,0
1.0,1.21,1.11,8.2,69.9,4.34,0,0,1
0.03,0.0,0.0,8.8,81.2,3.67,0,0,1
2.99,3.36,3.35,6.3,68.7,3.58,3,0,1
2.83,2.67,2.67,5.4,97.4,5.19,5,0,1
0.21,0.52,0.51,7.5,75.9,2.06,1,0,1
2.2,2.65,2.69,6.6,69.3,6.01,1,1,0
3.83,3.61,3.59,7.5,70.5,2.86,4,0,0
2.26,2.91,2.93,3.8,88.2,2.33,1,1,1
0.0,0.0,0.01,7.3,76.6,5.99,0,1,1
0.87,0.97,0.97,7.5,86.8,3.81,2,1,1
1.32,0.98,0.98,6.0,89.3,4.46,1,0,0
2.2,1.88,1.86,3.8,78.9,3.11,0,1,0
1.88,2.15,2.16,4.5,77.6,3.6,3,0,1
2.96,3.05,3.05,5.4,78.8,3.29,3,0,1
3.18,3.27,3.25,6.6,87.7,3.49,2,1,0
2.1,2.22,2.23,4.8,81.5,3.22,0,1,0
2.51,2.05,2.05,7.7,88.9,4.99,2,0,0
4.0,3.79,3.82,1.9,78.4,2.75,1,0,0
0.77,1.25,1.21,8.5,92.6,4.81,2,1,1
1.02,0.99,0.99,7.9,73.6,2.51,2,1,1
2.09,2.26,2.32,7.0,89.0,6.32,2,0,1
2.88,3.09,3.11,5.9,87.5,3.86,2,1,1
3.15,3.11,3.19,6.0,74.5,4.84,3,0,0
0.49,0.86,0.81,7.3,88.6,2.57,3,0,1
4.0,4.0,3.97,2.4,78.5,5.46,2,1,0
2.74,2.66,2.76,5.1,84.5,3.84,1,0,0
3.37,3.93,3.9,3.3,73.3,3.04,3,0,0
3.38,3.42,3.46,5.1,85.4,5.68,0,0,0
4.0,3.92,3.97,3.8,100.0,4.7,0,1,0
3.85,3.96,3.93,1.5,97.2,4.96,1,1,0
0.72,0.45,0.52,7.4,81.5,2.18,2,0,1
3.09,3.0,2.94,3.8,83.2,2.25,4,1,0
0.96,1.33,1.34,2.2,79.4,3.14,1,0,0
1.81,1.46,1.5,7.3,61.4,5.71,2,1,1
2.72,3.29,3.26,6.3,75.7,5.3,1,0,0
2.11,2.71,2.73,4.5,91.4,2.8,3,0,0
1.94,1.35,1.32,6.5,70.2,3.68,3,1,1
0.0,0.0,0.01,5.7,66.8,2.19,1,1,1
1.46,1.25,1.25,3.3,86.6,3.14,2,1,1
2.92,3.29,3.28,7.7,80.8,4.83,1,0,0
0.26,0.43,0.41,3.9,79.3,2.31,0,0,1
2.07,1.87,1.93,7.7,88.9,5.09,3,1,1
1.68,1.71,1.71,6.2,91.3,4.14,2,0,0
1.43,1.66,1.6,8.5,81.6,2.38,1,0,1
0.32,0.44,0.37,7.5,82.2,1.66,3,0,1
2.42,2.53,2.51,4.8,64.4,4.86,1,0,1
1.31,1.25,1.25,4.2,76.0,5.27,4,0,1
0.91,0.59,0.61,7.4,71.8,6.32,4,0,0
0.0,0.0,0.05,4.0,71.9,3.79,0,1,1
3.6,3.67,3.7,5.2,83.7,5.04,4,0,0
0.0,0.0,0.0,6.8,75.0,2.83,1,1,1
1.79,1.96,1.88,6.3,78.4,4.1,1,1,1
1.25,1.4,1.4,6.7,74.5,4.54,3,0,1
2.43,2.92,2.92,2.4,95.5,5.91,0,0,0
3.12,3.31,3.29,6.4,80.4,4.12,3,0,0
1.85,1.5,1.5,5.5,90.1,0.5,2,1,0
2.04,2.31,2.31,7.3,85.7,2.21,0,1,1
3.25,3.51,3.49,5.1,84.8,2.04,2,1,0
3.03,2.96,3.0,5.2,77.6,3.85,2,1,0
3.23,3.28,3.28,7.1,87.9,3.29,3,0,0
0.7,0.58,0.56,7.2,81.2,1.21,3,1,1
0.0,0.17,0.15,5.8,96.6,2.55,1,0,0
1.14,1.38,1.37,7.6,100.0,4.45,5,0,1
0.0,0.0,0.04,6.6,86.0,3.35,3,0,1
2.15,1.98,1.96,5.8,86.2,2.73,2,0,1
2.88,2.8,2.8,3.1,86.4,3.36,1,1,0
2.13,2.25,2.32,5.9,86.4,4.48,3,0,1
0.74,1.02,0.99,5.9,78.1,5.05,1,0,1
0.66,0.82,0.74,8.4,77.0,4.89,4,1,1
4.0,4.0,4.0,4.1,83.7,4.44,2,0,0
1.19,1.15,1.23,5.8,84.8,2.73,2,0,1
2.14,3.01,2.96,9.0,86.6,2.69,0,0,0
2.71,2.61,2.61,7.4,82.3,3.93,3,0,0
2.63,2.73,2.78,7.3,92.7,5.3,0,1,0
0.94,1.21,1.19,7.8,72.2,2.76,3,1,1
0.99,0.6,0.61,5.1,93.7,4.67,2,0,1
1.21,1.11,1.11,3.9,75.8,4.98,2,0,1
0.94,0.18,0.14,6.0,96.0,4.39,4,1,1
1.85,1.8,1.92,6.7,80.2,3.42,2,0,0
0.0,0.0,0.04,5.2,76.8,1.58,2,0,1
1.15,1.23,1.28,6.9,88.1,4.56,0,1,1
3.33,3.67,3.66,4.5,98.5,6.0,2,0,0
4.0,3.14,3.14,3.5,76.5,6.16,1,0,0
4.0,4.0,3.99,2.4,86.7,4.08,1,0,0
2.21,2.39,2.39,6.7,73.0,3.47,2,1,1
3.04,2.98,2.98,4.9,83.6,2.65,0,1,0
3.55,3.37,3.37,3.9,76.2,6.57,2,0,0
3.44,3.4,3.37,2.0,80.1,7.4,3,1,1
1.82,2.08,2.13,6.0,74.1,3.32,1,0,1
1.37,1.11,1.07,6.8,87.9,4.64,0,1,1
2.48,2.65,2.65,4.3,76.4,4.24,1,0,0
2.91,2.82,2.82,3.2,78.3,5.47,1,0,0
2.4,2.42,2.44,4.8,73.3,5.98,0,0,0
0.0,0.0,0.0,5.8,87.9,2.62,0,0,1
3.88,4.0,4.0,1.8,81.6,4.5,2,1,0
1.79,1.68,1.68,4.4,79.7,5.67,1,0,0
0.59,0.96,0.94,7.3,84.9,5.85,1,1,1
3.92,3.91,3.85,7.3,78.3,4.07,3,0,0
2.84,2.84,2.83,3.8,96.8,2.57,2,0,0
1.74,1.79,1.79,4.8,93.1,3.76,0,1,1
2.95,2.87,2.83,3.0,78.5,3.23,1,0,0
3.66,3.78,3.81,4.9,83.1,3.28,3,0,0
2.93,2.37,2.43,4.8,94.6,4.86,2,1,0
4.0,3.82,3.85,3.4,88.2,3.54,2,0,0
3.81,4.0,4.0,3.0,72.8,2.82,0,0,0
0.77,0.57,0.54,6.0,89.0,2.1,1,1,1
1.09,0.47,0.55,5.5,80.7,4.17,1,0,1
1.84,2.04,2.09,4.9,83.1,2.38,0,1,1
1.57,1.48,1.5,6.1,85.9,3.29,2,0,1
1.57,1.37,1.46,6.3,75.9,6.78,1,1,1
3.04,2.7,2.7,8.1,82.0,5.38,1,0,1
1.89,2.64,2.67,5.1,86.3,3.04,3,0,0
1.35,1.17,1.09,6.9,72.8,3.61,4,1,1
3.09,3.16,3.07,3.2,84.3,3.08,2,1,0
0.81,1.06,1.06,4.7,72.6,4.24,1,1,1
0.07,0.0,0.02,7.1,80.3,3.1,1,0,1
0.62,0.48,0.52,8.2,79.4,3.7,1,0,0
4.0,4.0,4.0,5.3,94.7,3.9,1,1,0
1.38,1.44,1.54,7.9,88.8,3.23,3,0,0
3.9,3.7,3.7,1.1,99.1,2.85,2,1,0
2.69,2.71,2.7,5.6,87.8,3.82,1,1,1
1.52,1.5,1.46,7.2,73.9,5.27,3,1,1
1.65,1.55,1.55,3.7,81.6,4.71,1,0,0
3.15,3.01,3.02,7.4,80.5,6.8,5,1,1
3.53,3.54,3.49,5.4,81.3,4.11,3,0,0
1.25,1.52,1.54,6.5,79.0,3.29,1,0,1
2.69,2.98,2.98,4.1,76.8,3.85,3,1,0
0.02,0.06,0.03,6.9,89.6,3.18,5,1,1
2.36,2.45,2.5,2.9,83.1,1.89,5,0,0
2.32,2.18,2.18,4.4,94.1,5.77,1,0,0
1.73,2.41,2.46,6.4,77.3,3.86,0,1,1
0.0,0.35,0.28,6.2,77.8,2.27,1,0,1
2.22,2.5,2.54,5.3,73.9,3.89,3,0,0
1.03,0.92,0.93,7.0,86.3,2.65,2,0,1
2.5,2.43,2.34,4.6,86.7,3.04,2,0,0
0.8,1.15,1.22,7.9,78.0,1.79,0,1,1
0.33,0.0,0.0,4.1,71.3,4.61,4,0,1
3.69,3.46,3.46,3.8,89.1,5.52,4,1,0
0.77,0.96,0.97,6.7,86.2,4.76,0,0,1
0.0,0.0,0.0,8.0,68.2,3.74,4,0,1
0.62,0.53,0.54,7.9,66.6,3.46,2,0,1
3.14,2.73,2.76,4.3,87.8,4.64,1,0,0
2.51,2.47,2.43,5.4,80.6,3.72,2,0,1
3.36,3.59,3.66,5.2,75.6,6.84,1,1,0
2.75,2.63,2.6,4.9,88.6,4.66,6,0,0
0.87,0.82,0.81,7.9,91.4,3.68,3,0,0
4.0,3.73,3.73,5.3,96.8,6.4,1,1,0
0.4,0.59,0.59,9.2,78.4,2.8,1,0,1
3.33,3.32,3.35,5.1,87.1,3.67,4,0,0
1.11,0.59,0.74,5.6,68.7,4.17,2,0,1
1.39,1.38,1.38,8.2,87.3,4.03,4,0,1
3.6,3.49,3.51,5.4,83.3,5.94,2,1,0
0.36,0.92,0.92,5.8,90.5,6.63,2,0,1
1.04,0.8,0.69,5.7,91.4,5.72,1,0,0
2.58,2.25,2.21,6.2,88.4,4.75,0,0,0
0.79,0.75,0.75,6.5,84.0,3.65,0,1,1
1.53,0.92,0.9,1.7,85.8,3.15,3,1,0
1.12,1.18,1.29,7.0,79.5,4.23,2,0,1
3.49,3.55,3.47,7.4,87.1,0.5,0,0,0
1.39,1.47,1.55,4.7,75.8,2.13,0,0,1
2.08,1.58,1.5,5.5,79.3,2.82,0,1,1
3.21,3.07,3.08,3.0,84.4,2.66,1,1,0
0.74,0.58,0.66,7.1,79.6,5.09,5,0,1
0.0,0.28,0.26,4.7,64.9,2.76,2,0,1
1.8,1.74,1.74,9.0,69.4,3.04,2,0,1
1.83,1.71,1.69,1.7,79.8,2.46,1,1,1
4.0,3.77,3.8,5.5,85.6,5.79,3,0,0
0.8,1.7,1.64,6.8,85.9,4.72,1,1,1
2.46,2.68,2.68,4.1,66.6,5.74,2,1,0
1.7,1.42,1.53,6.4,97.8,3.02,0,1,0
1.85,2.18,2.16,5.4,77.0,4.28,1,1,1
3.07,3.23,3.19,6.2,86.9,5.32,5,1,0
1.56,1.51,1.51,3.9,89.7,4.4,1,0,0
0.94,1.1,1.04,5.8,80.4,3.81,1,0,0
1.33,1.31,1.27,4.5,77.2,3.98,2,1,1
3.38,3.4,3.4,1.7,78.7,2.36,3,0,0
2.35,2.17,2.17,4.1,60.4,4.27,0,0,0
2.69,2.27,2.25,4.9,67.5,4.13,3,1,1
2.08,1.86,1.9,6.4,84.4,1.82,0,1,1
2.42,2.55,2.61,6.2,72.5,5.54,2,1,1
1.08,1.14,1.16,7.1,87.4,2.95,1,0,1
2.99,2.45,2.44,4.3,93.5,5.55,2,0,0
1.56,1.37,1.37,4.8,89.3,2.15,2,0,0
0.0,0.18,0.18,7.0,74.3,2.58,1,0,1
2.3,1.95,1.94,4.9,83.4,2.53,0,1,0
0.56,0.81,0.9,7.8,76.7,2.91,4,0,1
2.45,2.53,2.56,5.4,88.5,5.33,3,1,0
1.89,2.23,2.32,7.0,72.3,3.62,4,0,1
3.19,3.7,3.66,5.7,84.2,3.19,4,1,0
3.57,3.6,3.53,4.1,82.1,3.13,0,0,0
1.76,1.65,1.73,1.9,77.1,3.48,2,1,0
2.54,2.85,2.84,6.2,89.1,3.41,2,0,0
0.0,0.0,0.0,9.0,78.7,4.52,2,0,1
1.91,2.04,2.02,3.6,76.2,2.31,0,1,1
1.05,1.3,1.23,6.0,83.0,3.93,3,0,1
0.25,0.65,0.67,5.8,81.0,3.07,2,0,1
1.9,1.96,1.91,5.5,77.1,4.43,0,1,0
3.21,3.12,3.11,3.6,87.1,3.86,4,0,1
3.51,3.64,3.7,5.5,88.9,4.77,4,1,0
0.09,0.0,0.0,7.4,79.7,5.41,2,1,1
2.82,2.59,2.61,5.7,87.6,1.77,1,0,0
1.5,1.82,1.86,6.2,92.7,3.98,1,1,0
3.5,3.16,3.16,3.5,96.9,3.79,1,0,0
0.0,0.09,0.09,7.2,92.0,2.86,2,0,1
0.11,0.45,0.41,7.7,90.0,6.09,0,0,1
1.87,1.74,1.74,8.8,84.0,5.37,2,0,1
2.03,2.27,2.27,5.2,77.8,6.01,2,1,1
1.81,1.98,1.91,4.0,78.9,3.41,1,0,0
0.86,1.25,1.25,7.9,75.6,3.79,2,1,1
2.53,2.42,2.5,7.4,89.4,2.51,0,0,1
0.1,0.34,0.33,2.2,74.5,3.51,2,0,1
1.67,1.13,1.1,7.1,76.0,4.08,1,1,0
2.18,1.66,1.66,5.1,80.9,2.83,4,1,0
1.67,1.34,1.34,5.9,78.1,3.66,1,1,1
1.55,1.79,1.72,7.0,80.3,3.57,1,1,1
1.38,1.77,1.79,6.2,88.8,4.07,1,0,0
1.8,2.24,2.22,7.0,75.9,2.96,1,1,1
1.11,0.97,1.05,7.0,66.0,4.57,0,1,1
1.02,1.39,1.41,5.4,80.7,1.91,1,1,1
0.0,0.0,0.0,9.5,77.8,4.37,1,0,1
2.25,2.37,2.4,5.6,79.1,4.59,2,1,0
2.67,3.28,3.28,2.4,86.5,2.74,2,0,0
1.03,0.82,0.82,4.7,77.0,1.33,4,1,1
2.12,1.77,1.79,5.5,85.5,2.65,6,0,1
2.91,2.66,2.66,5.8,79.1,5.42,4,0,1
0.97,0.95,0.95,7.2,79.3,3.69,4,0,1
3.37,3.23,3.15,4.4,85.4,5.79,3,1,0
3.28,3.08,3.08,7.3,81.3,5.75,6,0,1
0.87,0.98,0.99,7.1,73.4,1.92,0,1,1
2.41,2.38,2.38,5.0,91.9,2.6,1,0,0
1.54,1.39,1.41,4.7,89.8,2.97,1,0,1
4.0,4.0,4.0,7.8,86.3,5.39,2,1,0
0.89,0.75,0.76,6.3,76.7,3.6,0,1,1
1.92,1.8,1.73,4.9,70.5,6.96,1,0,0
4.0,4.0,4.0,4.4,87.4,5.23,0,0,0
2.29,2.44,2.44,6.6,78.6,5.08,0,1,0
3.58,3.85,3.77,4.8,77.5,5.9,1,0,1
3.4,3.86,3.86,4.1,96.6,4.04,4,1,0
1.96,1.86,1.86,5.5,83.1,6.75,0,0,0
2.93,2.96,2.94,2.5,87.8,3.16,1,1,0
2.69,2.88,2.81,4.2,84.6,2.84,2,0,0
1.01,0.93,0.94,5.7,77.4,2.31,1,1,1
0.21,0.41,0.41,7.1,91.6,2.32,1,0,1
3.07,2.6,2.53,6.6,88.0,2.99,1,1,0
1.26,1.22,1.27,6.2,75.4,3.91,0,0,1
2.25,2.83,2.85,6.5,83.9,3.4,0,0,1
4.0,3.64,3.66,3.6,84.9,7.49,2,0,0
1.08,1.13,1.1,5.4,73.0,1.96,3,1,1
3.38,2.62,2.62,5.7,84.2,5.87,0,0,0
2.1,1.79,1.84,6.1,74.4,2.42,2,0,1
0.57,0.46,0.46,7.1,95.8,4.92,7,1,1
0.92,1.12,1.12,6.4,76.2,5.28,3,0,0
2.95,3.12,3.12,4.4,85.6,6.79,1,1,0
0.17,0.18,0.18,6.5,78.3,3.58,2,1,1
1.29,0.94,0.94,5.1,86.6,3.98,1,0,0
0.66,0.55,0.55,5.7,79.4,0.8,1,0,1
1.16,1.45,1.45,6.6,73.2,3.38,1,0,1
1.43,1.74,1.74,5.4,77.1,4.91,1,0,0
2.42,2.58,2.6,8.0,94.4,4.92,4,1,0
2.42,2.6,2.61,6.8,93.1,5.26,0,0,1
2.4,2.37,2.27,9.0,83.1,4.39,1,0,1
1.76,1.76,1.79,6.7,85.6,5.8,3,1,1
3.92,3.8,3.77,1.0,100.0,3.98,3,0,0
2.25,2.18,2.18,5.1,88.4,4.5,1,1,1
1.76,1.69,1.69,8.5,100.0,4.36,2,1,1
1.16,0.91,0.91,7.3,79.4,5.55,1,0,0
1.33,1.57,1.56,5.4,80.2,2.44,4,0,0
1.96,1.9,1.9,7.4,77.9,4.11,3,1,0
2.15,2.51,2.54,9.4,80.3,4.14,3,1,1
3.53,3.5,3.5,4.3,85.2,5.46,1,1,0
1.83,1.7,1.7,4.9,84.7,4.83,1,1,0
3.11,3.32,3.3,7.5,82.3,5.3,1,1,1
3.84,3.61,3.64,5.2,83.4,4.68,0,0,0
1.88,2.29,2.34,5.6,88.7,1.87,3,0,1
4.0,3.79,3.79,6.5,69.4,4.26,1,0,0
0.47,0.45,0.38,4.3,74.5,3.14,0,0,1
1.19,1.2,1.14,5.2,77.1,4.92,1,0,1
0.69,1.58,1.6,6.0,81.3,1.27,1,1,1
2.86,2.38,2.41,5.3,85.1,3.05,1,0,0
3.44,3.28,3.25,5.6,76.8,3.9,3,0,0
0.0,0.12,0.12,5.7,79.6,1.62,4,0,1
2.24,2.06,2.06,5.3,84.6,3.32,4,1,0
0.32,0.11,0.13,6.1,72.7,5.01,1,1,1
2.43,2.83,2.78,5.7,98.3,4.01,3,1,0
3.6,3.68,3.69,4.4,90.5,6.11,3,1,0
1.4,1.21,1.21,4.1,83.3,3.72,1,0,0
1.64,1.88,1.85,5.0,92.9,6.21,1,0,1
1.32,1.36,1.32,5.1,58.6,3.54,0,1,1
1.65,1.25,1.25,7.8,85.1,2.86,7,1,1
2.93,3.32,3.32,6.6,89.5,2.18,1,0,0
0.0,0.28,0.31,7.1,67.7,2.87,2,0,1
2.13,2.27,2.27,2.8,69.5,0.97,1,0,0
0.14,0.0,0.0,5.2,81.7,5.28,2,0,1
1.24,0.78,0.82,6.9,86.2,5.41,1,1,1
2.01,2.35,2.33,5.1,93.3,5.33,4,1,1
3.32,3.4,3.4,7.4,80.4,4.04,4,0,0
2.4,2.63,2.68,6.9,91.1,4.79,0,0,0
0.8,0.87,0.87,4.3,87.9,3.31,4,0,1
2.27,2.49,2.46,4.9,77.6,2.45,3,1,1
2.92,2.6,2.58,3.3,82.1,4.18,0,0,0
0.64,0.53,0.55,8.7,79.5,4.81,1,0,1
1.88,2.26,2.21,8.9,88.0,6.44,0,1,0
2.88,2.76,2.76,6.8,86.0,4.72,1,0,0
0.47,0.45,0.45,4.3,78.8,6.06,2,1,1
2.44,3.09,3.09,9.4,87.6,3.48,0,0,1
4.0,4.0,3.91,2.8,89.2,3.56,4,1,0
0.39,0.75,0.83,6.3,84.9,2.84,1,0,1
3.6,3.7,3.68,4.6,83.1,4.13,2,0,0
3.52,3.02,3.05,1.0,87.6,3.92,3,0,0
1.35,1.05,1.12,4.6,69.7,4.37,3,0,1
3.2,2.45,2.55,1.1,74.4,4.15,0,0,0
2.31,2.4,2.41,7.9,73.7,3.37,1,0,1
1.93,2.04,2.04,5.0,77.4,5.24,0,0,0
2.29,2.11,2.11,6.7,72.6,3.73,1,0,1
1.12,1.55,1.59,7.3,80.0,5.95,2,0,0
2.46,2.75,2.81,6.5,71.0,2.11,0,0,1
2.32,2.79,2.82,8.4,72.1,4.15,2,1,1
1.21,0.9,0.83,9.7,75.0,3.78,2,0,1
1.53,1.58,1.58,5.5,79.5,3.58,2,0,1
2.53,2.28,2.28,5.9,77.0,3.91,1,0,0
4.0,4.0,4.0,4.7,77.5,2.56,5,1,0
0.81,1.09,1.1,7.1,82.0,4.27,2,1,1
1.9,1.53,1.5,4.5,88.9,4.03,5,0,1
4.0,4.0,3.98,7.5,88.1,4.52,1,1,0
0.0,0.0,0.0,9.1,88.8,2.18,0,0,1
1.89,1.33,1.42,5.3,68.6,4.75,1,1,0
2.56,2.38,2.38,5.8,79.1,4.05,1,0,1
3.24,3.46,3.47,5.5,86.8,3.26,1,1,0
1.01,0.98,1.01,7.2,92.8,2.14,3,1,1
2.97,3.2,3.05,7.4,82.4,3.27,1,0,0
1.75,2.05,2.0,7.2,83.3,2.57,2,1,1
1.04,1.55,1.6,7.8,77.8,4.97,2,1,1
0.59,0.64,0.64,8.1,86.7,3.36,4,0,1
1.33,0.83,0.85,8.9,92.1,2.02,3,0,1
1.0,1.14,1.21,6.1,57.1,3.69,0,0,1
2.16,2.71,2.76,7.7,83.8,3.89,2,0,1
2.43,1.84,1.84,3.1,83.5,4.82,2,0,0
2.71,2.66,2.72,1.8,96.0,2.24,0,0,0
3.19,3.25,3.26,4.8,91.7,3.3,5,0,0
0.87,1.12,1.09,10.0,69.3,3.57,2,0,1
1.69,1.25,1.25,7.1,95.0,3.99,1,1,0
0.69,0.59,0.53,6.3,72.9,5.47,1,0,1
1.07,1.11,1.11,6.8,82.3,3.69,0,1,1
2.5,2.3,2.32,5.6,67.0,5.94,1,0,1
2.58,2.24,2.24,6.3,81.7,4.09,3,1,0
2.2,2.41,2.41,7.1,80.3,4.85,0,1,0
0.0,0.0,0.0,8.7,90.3,4.48,2,0,1
0.81,0.72,0.72,7.6,88.5,2.99,2,1,1
3.4,3.45,3.44,3.5,92.9,3.23,1,0,1
4.0,4.0,3.97,1.0,83.6,5.34,0,1,0
2.72,3.32,3.25,5.4,91.7,4.59,1,1,0
0.96,1.19,1.19,6.8,76.8,2.63,1,1,1
1.64,2.11,2.11,5.3,74.1,4.53,1,0,0
2.48,1.97,1.97,5.9,77.7,6.62,5,0,1
1.56,1.71,1.71,3.4,85.4,2.9,3,0,1
3.36,3.88,3.95,5.1,76.6,5.36,3,0,0
2.31,2.12,2.09,6.6,84.7,2.72,6,1,0
2.84,3.39,3.45,6.0,87.5,3.23,2,0,0
1.03,1.17,1.17,7.9,84.6,4.78,2,0,1
3.52,3.26,3.25,6.8,91.1,4.91,1,1,0
1.48,2.16,2.24,4.1,79.6,5.47,1,0,1
2.19,2.03,1.99,3.8,89.9,6.1,0,0,0
3.84,3.68,3.68,5.9,88.0,3.7,2,0,0
0.61,0.45,0.45,6.8,76.8,3.61,2,0,1
0.71,0.23,0.23,8.2,97.1,3.1,1,0,1
4.0,4.0,4.0,1.5,88.6,6.35,2,0,0
3.23,3.21,3.18,7.6,81.1,4.55,2,1,0
1.29,1.41,1.36,6.1,74.5,5.28,2,0,1
0.93,0.92,0.91,8.0,77.5,1.73,1,0,1
1.99,2.71,2.68,5.7,80.3,2.94,2,1,1
1.4,1.6,1.59,5.0,75.4,3.96,1,0,0
1.63,1.04,1.04,5.3,76.6,4.98,0,0,0
0.8,0.54,0.56,9.2,76.0,3.74,1,0,1
2.12,2.03,2.01,4.2,82.7,5.63,1,0,0
2.27,2.1,2.12,6.2,78.4,6.46,2,0,0
2.24,1.77,1.71,6.4,81.0,4.94,3,0,0
2.42,2.3,2.3,6.9,89.8,1.64,3,1,1
0.35,0.79,0.91,10.0,75.9,4.82,1,1,1
3.73,3.97,3.95,5.0,82.7,2.72,4,1,0
3.28,2.96,2.98,5.5,79.6,3.82,1,0,0
0.77,0.24,0.24,8.0,84.5,2.94,0,0,1
0.0,0.0,0.0,7.7,76.7,2.09,2,1,1
2.2,1.97,1.97,6.6,100.0,2.99,1,0,0
2.62,2.53,2.53,5.8,93.8,2.72,2,0,0
0.78,0.91,0.91,7.8,65.9,2.22,3,1,1
0.0,0.0,0.0,5.7,73.4,4.79,2,0,1
2.9,2.9,2.94,4.9,73.7,5.42,1,1,0
0.77,0.84,0.97,9.6,85.8,2.54,1,0,0
1.94,2.22,2.19,6.0,82.6,5.18,0,0,0
1.07,1.46,1.46,6.9,66.0,3.77,1,0,1
3.21,3.12,3.14,4.2,79.5,4.23,2,0,0
3.24,3.36,3.36,5.7,84.3,3.28,1,0,0
0.48,0.5,0.54,5.1,81.5,2.44,0,0,1
1.22,1.16,1.22,7.0,72.8,5.22,2,0,0
0.53,0.21,0.16,5.0,65.4,4.34,2,0,0
1.29,1.09,1.16,4.9,81.8,3.47,1,1,0
3.03,3.51,3.53,5.8,71.8,1.74,2,0,0
0.3,0.46,0.48,6.4,70.5,5.18,1,1,1
0.46,0.16,0.13,7.2,90.3,3.41,5,0,0
1.82,1.09,1.09,7.6,86.1,3.7,3,1,1
0.07,0.61,0.76,5.7,83.6,4.57,1,0,1
0.97,0.88,0.92,6.7,73.5,4.29,0,1,1
2.51,2.42,2.39,7.9,80.3,3.53,2,0,0
0.39,0.54,0.5,8.8,84.8,2.61,4,1,1
0.12,0.05,0.03,9.2,85.3,4.84,2,0,1
0.93,0.51,0.53,5.6,74.0,3.69,0,0,1
3.03,3.13,3.06,5.8,84.4,2.44,3,1,1
0.67,0.7,0.67,6.0,80.5,1.11,2,0,1
3.48,3.91,3.88,4.5,94.2,3.51,4,1,0
3.9,3.52,3.43,4.5,70.7,5.53,2,0,0
1.87,1.36,1.34,7.5,78.0,2.82,1,0,0
1.49,1.5,1.53,5.4,87.5,5.82,1,0,0
3.2,3.44,3.44,4.8,77.4,4.36,2,1,0
1.25,1.53,1.45,6.0,74.8,8.83,0,0,0
1.26,1.07,1.02,3.4,77.1,1.78,0,0,1
1.56,1.26,1.26,6.4,69.4,5.82,0,1,1
1.64,1.8,1.81,4.9,100.0,2.66,0,0,0
2.36,2.25,2.31,5.6,88.0,4.54,1,0,0
1.11,0.76,0.71,6.1,89.7,3.73,3,0,1
0.99,0.84,0.78,6.4,85.4,3.02,4,0,1
0.22,0.38,0.41,9.3,78.7,2.33,0,0,1
1.87,1.8,1.85,5.3,93.5,2.89,4,1,1
1.42,1.42,1.42,5.4,70.9,2.92,1,0,0
1.31,1.77,1.91,6.5,86.9,4.87,4,1,1
1.46,1.59,1.6,6.1,77.4,3.43,1,0,1
3.36,2.86,2.8,6.0,85.3,3.14,2,1,0
2.03,1.48,1.52,2.6,70.0,4.74,2,0,0
2.06,2.32,2.24,6.4,77.6,3.46,1,1,0
0.0,0.48,0.38,8.8,79.0,3.4,3,0,1
2.86,2.89,2.83,6.6,81.9,4.02,4,1,0
2.63,3.08,3.06,3.7,82.4,3.25,0,0,1
0.87,0.94,0.97,8.3,83.5,3.08,2,0,1
1.35,1.34,1.32,3.0,89.8,3.12,1,0,1
0.03,0.26,0.29,5.5,74.8,3.85,2,0,1
1.26,1.15,1.11,6.0,67.8,4.47,2,1,1
1.29,1.44,1.35,7.7,81.1,3.23,0,0,1
2.21,2.21,2.3,4.5,69.9,4.38,1,1,1
2.36,2.67,2.67,10.0,96.6,3.97,3,0,0
0.63,0.74,0.64,8.8,78.7,6.18,2,1,0
1.29,1.4,1.4,5.4,87.3,2.6,0,1,0
3.74,3.6,3.59,4.4,73.2,4.42,2,1,0
1.71,1.43,1.43,6.2,78.7,2.11,0,1,1
0.12,0.0,0.01,6.0,83.7,4.57,3,0,1
1.86,2.17,2.18,3.5,80.6,4.61,0,1,0
2.24,2.25,2.24,6.1,96.3,4.13,0,0,1
3.83,3.85,3.76,2.9,79.6,5.24,1,0,0
0.79,0.89,0.85,7.1,78.7,3.99,3,1,1
3.11,2.46,2.47,5.3,87.1,4.25,3,0,0
2.93,3.07,3.09,3.7,89.4,3.49,1,1,0
0.94,0.95,0.89,6.4,67.7,5.16,2,0,1
1.79,2.02,2.03,6.0,81.2,3.44,4,0,1
1.51,1.08,1.12,4.0,80.5,4.11,5,1,1
2.32,2.32,2.33,5.1,84.3,2.86,3,1,1
2.9,3.19,3.15,4.9,67.1,3.67,2,0,0
1.87,1.63,1.55,5.9,80.1,0.92,3,1,1
1.94,1.71,1.71,6.2,94.3,3.61,1,1,1
2.67,2.75,2.74,6.9,78.9,4.83,1,0,0
2.49,2.59,2.65,4.2,80.4,4.38,2,1,1
1.99,1.87,1.85,4.8,76.2,2.95,2,0,0
1.4,1.47,1.47,8.3,76.6,4.43,1,1,1
0.11,0.0,0.0,6.3,78.3,2.5,0,1,1
3.76,3.73,3.73,5.4,76.5,5.7,5,0,0
1.57,1.46,1.47,7.8,88.5,2.78,4,0,1
0.0,0.0,0.07,7.2,74.7,1.98,2,1,1
1.96,1.74,1.63,7.0,75.8,3.92,3,0,0
1.4,1.51,1.49,5.9,78.9,4.88,1,1,1
2.47,2.07,2.07,3.4,78.9,2.79,4,0,0
0.82,1.0,1.07,7.6,74.8,4.3,1,0,1
2.3,2.49,2.51,4.9,90.1,5.02,0,0,0
2.76,2.71,2.71,6.4,86.9,5.99,0,0,0
1.17,1.19,1.19,8.8,76.2,1.86,2,0,1
0.32,0.19,0.12,6.6,79.6,4.83,1,0,1
1.72,1.75,1.8,4.2,62.8,0.52,2,0,1
0.72,0.77,0.72,5.9,71.7,2.54,0,0,1
2.44,2.44,2.48,8.0,85.5,4.08,1,0,0
1.87,2.07,2.08,10.0,77.9,2.75,0,0,0
1.63,1.78,1.81,5.7,84.0,5.16,2,1,0
0.45,0.66,0.69,10.0,67.5,4.85,1,0,1
2.49,2.42,2.39,3.0,77.9,2.38,1,0,0
3.9,3.84,3.83,4.3,95.9,4.31,2,0,0
0.0,0.0,0.0,9.7,84.6,4.1,3,1,1
2.25,2.29,2.23,7.3,91.3,3.87,0,0,0
0.0,0.38,0.41,5.0,84.4,3.44,1,0,1
1.32,1.5,1.56,9.4,82.6,5.56,2,0,1
1.82,2.01,2.01,7.2,82.1,4.5,1,1,0
4.0,3.93,3.85,5.5,76.2,5.78,2,0,0
0.64,0.91,0.93,5.0,70.8,4.1,0,0,0
3.33,3.35,3.36,1.0,79.8,3.73,3,0,0
3.78,3.79,3.81,3.6,91.3,4.34,2,0,0
1.69,1.91,1.92,7.2,84.6,4.07,3,1,1
3.89,4.0,4.0,4.9,75.4,3.35,3,1,0
0.7,0.29,0.19,4.2,79.9,3.82,5,1,1
1.66,2.09,2.04,5.2,67.8,6.25,4,0,0
1.82,2.06,2.05,4.6,84.5,2.72,4,1,1
2.92,2.76,2.77,5.7,90.1,4.92,2,1,1
0.52,0.0,0.03,4.5,83.3,3.1,2,1,1
2.3,2.67,2.68,7.2,66.6,3.31,2,0,0
1.55,1.52,1.46,10.0,69.5,5.12,2,0,1
1.22,0.87,0.87,6.5,79.9,5.55,2,0,0
3.5,3.81,3.81,5.3,88.1,6.09,3,1,0
3.6,3.67,3.71,4.6,84.7,3.51,3,0,0
2.28,2.4,2.4,5.8,86.8,2.39,1,0,0
1.76,1.66,1.68,8.3,81.9,2.24,1,0,1
3.66,4.0,4.0,2.6,81.5,6.01,3,0,0
1.23,1.87,1.88,7.3,85.5,3.97,2,0,0
3.47,3.2,3.23,5.0,75.7,4.46,2,0,0
0.77,0.94,0.95,8.0,98.8,0.93,2,0,0
2.75,2.8,2.8,7.5,72.5,4.18,1,1,1
3.65,3.51,3.41,4.8,77.5,3.47,0,1,0
1.27,1.73,1.78,6.1,73.4,3.27,2,0,0
2.07,1.9,1.79,6.8,80.0,4.02,0,1,1
2.99,2.76,2.71,6.0,82.9,3.83,2,0,0
0.29,0.0,0.0,4.2,64.6,6.17,1,1,1
4.0,3.83,3.83,4.9,84.5,3.8,2,1,0
2.86,2.6,2.67,6.8,93.2,4.31,2,1,0
3.33,3.0,3.0,6.3,81.8,5.29,4,0,1
2.52,2.63,2.63,3.4,80.9,1.84,3,1,0
2.03,2.03,2.06,6.4,74.7,2.43,2,1,0
1.13,0.73,0.75,3.8,73.3,5.98,3,1,1
2.97,2.94,3.0,3.6,78.5,5.15,3,1,1
1.74,2.44,2.44,4.7,90.4,1.51,1,1,1
1.91,1.8,1.83,5.6,73.2,2.3,1,0,1
2.68,2.23,2.27,5.3,78.0,3.12,0,0,0
1.5,1.32,1.32,4.6,72.2,2.89,7,0,1
3.53,3.55,3.55,6.3,83.2,6.21,3,1,0
2.35,2.29,2.3,3.6,80.2,4.2,3,0,1
3.58,3.46,3.38,4.1,92.8,3.53,4,1,0
1.56,1.9,1.9,6.1,75.1,6.03,2,1,0
1.79,1.92,1.91,3.8,61.9,4.85,4,0,0
1.96,2.02,2.08,6.2,92.4,3.96,2,0,1
0.77,1.14,1.14,7.5,73.8,5.59,3,0,1
2.04,2.15,2.14,4.1,83.2,3.27,4,1,0
1.35,0.82,0.81,6.8,78.8,3.87,1,0,1
2.62,3.02,3.02,6.5,98.3,3.03,2,1,0
2.78,2.68,2.7,7.0,67.8,5.37,1,0,0
2.87,2.74,2.74,3.4,79.6,2.06,1,0,0
3.66,3.49,3.4,6.7,73.2,4.25,0,1,0
2.24,2.38,2.34,6.7,95.5,4.1,3,0,0
4.0,3.6,3.6,6.1,84.4,5.37,0,1,0
2.08,2.18,2.25,7.9,79.0,5.25,5,1,0
2.94,2.61,2.56,5.5,86.2,3.86,0,0,0
3.93,3.93,3.88,6.4,84.2,4.96,2,0,0
2.76,2.8,2.79,5.1,95.0,4.64,1,0,1
1.31,0.97,0.98,5.9,90.8,3.26,2,0,0
2.42,2.17,2.22,6.8,84.0,2.49,3,1,1
2.75,2.5,2.46,7.2,95.5,4.9,0,0,0
2.17,2.35,2.38,4.6,70.5,4.51,2,0,1
2.47,1.99,1.96,6.8,90.4,4.78,1,0,1
2.26,2.05,2.11,6.2,80.8,6.18,0,0,1
2.28,1.96,1.86,6.6,78.8,5.92,1,1,0
0.88,0.75,0.75,9.4,80.6,3.26,4,1,0
1.55,1.51,1.47,9.6,98.0,3.99,1,0,1
2.85,2.6,2.64,3.7,88.8,3.64,5,1,1
4.0,4.0,3.95,1.0,83.8,5.15,3,0,0
2.59,2.21,2.24,7.9,66.6,5.49,2,0,1
1.09,1.24,1.24,6.6,84.9,2.32,2,1,1
3.52,3.56,3.56,5.6,75.8,4.64,2,1,1
3.85,4.0,4.0,3.0,93.7,2.04,1,0,1
0.0,0.47,0.48,6.4,77.2,3.53,2,0,1
1.15,1.26,1.23,5.7,80.6,3.34,0,1,0
3.53,3.98,3.96,5.6,87.6,4.3,1,0,0
1.13,1.05,1.03,8.0,89.3,4.95,0,0,1
0.65,0.51,0.52,7.0,74.8,2.59,1,1,1
3.41,3.68,3.68,4.9,95.2,4.78,4,1,0
3.78,4.0,4.0,1.6,90.7,5.35,2,0,0
0.46,0.31,0.31,6.0,90.3,4.33,2,0,1
0.61,0.74,0.77,7.4,79.2,4.32,0,1,1
1.69,1.58,1.55,5.4,82.0,4.43,5,0,1
3.2,2.77,2.78,3.9,92.2,4.49,1,1,0
3.08,3.08,3.05,9.9,78.5,5.33,2,0,0
2.16,1.93,1.95,4.5,81.1,4.56,1,0,0
2.99,3.23,3.31,6.0,77.2,5.95,2,0,0
1.86,2.33,2.35,5.8,76.8,3.75,0,0,1
4.0,4.0,4.0,2.0,77.2,6.31,0,1,0
0.07,0.07,0.07,8.7,64.8,4.54,2,1,1
1.72,1.76,1.76,5.7,93.2,1.71,3,0,0
2.14,1.96,1.94,5.5,99.6,4.64,0,0,0
2.1,2.53,2.6,5.3,73.6,6.15,2,0,1
1.75,1.35,1.4,3.8,79.7,2.03,4,0,0
2.26,2.02,2.04,6.1,100.0,3.51,4,1,1
2.21,2.17,2.08,6.5,78.2,3.76,1,1,0
2.18,2.3,2.3,5.5,83.1,3.68,2,1,0
2.16,1.97,1.96,3.2,83.9,1.75,1,0,0
2.37,2.59,2.59,6.4,78.5,5.57,3,1,0
2.12,2.03,2.02,9.7,84.8,4.84,3,0,0
0.75,0.66,0.62,6.8,85.5,2.41,0,1,1
1.35,1.22,1.22,6.2,64.1,5.28,2,1,0
0.35,0.29,0.29,9.3,76.9,1.16,1,0,1
2.36,2.2,2.16,1.7,86.1,4.73,1,0,0
2.06,1.9,1.9,4.2,79.2,3.78,7,0,1
0.84,0.76,0.76,9.0,82.0,3.42,2,1,1
0.98,1.02,1.02,5.7,80.4,3.26,2,0,0
2.63,2.84,2.88,6.2,74.7,5.75,0,0,1
4.0,4.0,4.0,4.7,83.8,4.72,1,0,0
0.0,0.0,0.09,9.4,89.2,4.35,3,1,1
2.81,3.12,3.15,4.9,75.8,6.5,1,0,0
1.22,1.74,1.68,8.6,86.4,4.7,2,0,0
2.22,2.03,2.04,6.5,91.6,2.63,1,0,0
0.94,1.1,1.08,6.9,67.5,4.32,1,0,1
1.18,1.59,1.57,4.0,82.0,2.94,4,1,1
0.4,0.0,0.1,7.4,81.9,3.31,2,0,1
1.17,1.22,1.22,6.4,75.8,4.78,3,0,1
3.47,3.8,3.8,5.4,86.2,6.31,3,1,0
0.36,0.36,0.3,4.3,74.6,3.18,1,1,1
2.71,2.94,2.97,2.8,76.3,4.45,1,1,0
0.53,0.6,0.57,8.8,84.1,4.64,3,0,1
2.6,2.21,2.18,4.1,75.4,4.63,5,0,1
1.92,1.97,1.98,5.4,73.3,4.12,2,0,1
1.65,1.67,1.65,8.9,77.9,5.09,0,0,0
0.46,0.7,0.63,5.7,74.4,3.23,4,0,1
3.3,3.42,3.41,4.8,80.4,3.92,4,0,0
1.6,2.62,2.64,4.2,74.0,4.14,3,1,0
2.68,2.52,2.62,4.2,76.3,3.84,2,1,1
0.19,0.0,0.06,5.8,90.4,3.7,2,0,1
1.26,1.45,1.46,7.1,94.2,2.91,0,1,1
3.89,4.0,4.0,4.3,75.8,7.02,2,0,0
2.89,3.01,2.9,6.2,80.6,3.2,0,0,1
1.5,1.24,1.24,7.7,66.4,3.2,4,1,0
0.0,0.05,0.09,5.0,76.2,3.37,1,1,1
0.31,0.4,0.43,3.8,79.9,4.75,0,0,1
0.17,0.48,0.42,6.1,87.3,1.52,4,0,1
2.24,1.97,1.97,5.8,83.4,2.52,1,1,1
1.07,0.96,0.97,3.1,89.4,2.48,6,1,1
4.0,4.0,4.0,3.4,81.4,5.01,1,0,0
1.21,1.15,1.14,3.9,77.9,4.04,3,0,1
2.82,2.83,2.82,5.3,81.7,5.64,1,0,1
1.42,0.96,1.08,5.9,84.8,4.52,0,0,0
3.04,3.33,3.27,5.4,77.8,1.87,3,0,0
3.61,3.72,3.74,1.9,84.3,4.47,1,1,0
0.46,0.73,0.81,6.0,94.0,3.15,2,1,1
2.03,1.54,1.69,6.9,80.0,5.46,3,0,1
0.0,0.05,0.04,7.1,72.4,1.25,5,1,0
0.91,1.27,1.31,8.2,67.3,4.87,1,0,1
1.12,1.36,1.41,6.3,72.4,1.64,2,0,1
2.42,2.58,2.53,7.0,80.1,5.41,1,0,0
1.49,1.51,1.45,5.8,84.7,3.39,1,1,1
2.45,2.97,3.07,7.5,74.6,3.62,2,0,1
1.65,1.95,1.97,5.4,88.7,2.52,2,0,0
2.83,2.84,2.78,5.8,80.4,3.14,1,0,0
1.12,1.08,1.08,2.9,86.8,4.7,2,0,1
1.88,1.95,2.02,5.0,82.6,3.78,2,1,1
0.34,0.07,0.17,4.7,85.4,4.86,2,0,0
2.85,2.55,2.55,4.5,87.2,3.8,5,1,0
1.6,1.75,1.71,5.7,74.6,2.65,0,0,0
2.9,2.83,2.81,4.1,74.7,5.34,3,1,0
2.71,2.66,2.71,7.1,89.6,4.35,3,0,0
0.21,0.0,0.0,4.3,71.9,2.22,2,0,1
1.21,1.31,1.31,5.8,81.9,4.35,0,1,1
2.81,2.77,2.67,3.8,90.8,3.33,1,0,0
2.35,1.8,1.81,3.4,84.1,3.38,3,0,1
1.6,1.33,1.33,8.5,83.8,2.9,4,1,1
0.9,0.69,0.61,4.6,80.3,1.87,2,0,0
2.01,2.02,2.02,8.8,79.3,4.46,2,0,0
2.06,2.08,2.08,6.2,72.8,3.78,4,1,1
0.0,0.35,0.35,9.4,65.8,0.5,1,1,1
3.44,3.23,3.24,4.7,81.2,2.46,2,1,0
3.57,3.49,3.49,4.4,81.4,3.86,2,0,0
2.81,2.43,2.43,3.8,86.6,3.29,2,0,0
2.0,2.67,2.67,7.1,85.5,4.71,0,0,0
3.53,3.43,3.43,6.4,89.3,4.27,4,0,0
1.67,0.7,0.79,7.7,84.1,4.98,2,0,0
0.71,0.81,0.75,8.9,84.2,2.18,2,0,1
2.63,2.52,2.52,5.2,65.6,4.53,0,0,0
0.39,0.09,0.09,4.8,78.3,3.06,1,0,1
4.0,3.95,3.95,3.3,86.0,5.23,6,0,0
1.65,1.98,1.98,4.6,94.6,2.07,5,0,0
1.61,2.0,2.02,5.8,59.6,4.13,0,0,1
1.51,1.76,1.84,9.6,79.4,5.05,4,0,0
1.66,1.54,1.45,5.9,72.0,2.03,4,0,1
3.28,3.31,3.32,5.7,87.3,3.42,2,0,0
0.88,0.94,1.02,8.3,78.6,4.76,3,0,1
2.95,3.25,3.27,5.5,79.3,3.39,2,1,0
1.75,1.62,1.64,4.9,77.3,5.12,0,0,0
2.31,1.81,1.83,5.5,75.8,4.59,3,0,1
4.0,4.0,4.0,1.0,91.5,3.12,1,1,0
2.92,3.18,3.21,4.1,84.6,5.66,4,0,0
3.1,3.49,3.42,8.8,76.9,3.58,2,0,1
1.72,1.52,1.53,6.1,77.4,5.43,2,0,0
2.65,2.68,2.68,6.0,84.3,6.06,1,0,0
2.88,2.73,2.73,3.3,73.7,5.76,0,0,0
2.38,2.24,2.26,6.7,84.7,5.7,3,0,0
0.98,0.68,0.62,7.0,78.2,3.31,2,1,1
1.57,1.41,1.41,3.8,81.9,5.67,1,0,0
1.62,1.96,1.9,1.4,76.4,6.74,3,1,1
2.34,2.24,2.24,7.1,74.7,4.67,5,0,0
2.98,2.77,2.76,3.7,91.1,5.05,1,1,0
3.34,3.18,3.14,5.7,71.0,3.99,2,0,0
3.53,3.56,3.56,5.4,100.0,2.73,0,0,0
0.17,0.0,0.0,7.9,82.3,4.5,2,0,1
3.3,3.11,3.14,8.4,87.7,4.01,2,1,0
0.91,1.06,1.03,2.6,71.0,3.1,2,0,1
3.94,4.0,3.97,5.7,95.3,4.95,4,1,0
3.39,3.24,3.17,2.8,84.7,2.62,0,0,0
0.0,0.27,0.17,9.4,98.0,5.31,0,0,1
0.0,0.0,0.0,7.6,88.5,4.0,0,0,1
2.52,2.47,2.47,5.9,80.7,5.36,2,1,0
0.11,0.0,0.0,7.5,77.0,6.23,2,0,1
2.92,2.66,2.66,2.7,83.2,4.01,2,1,0
0.75,0.78,0.78,5.8,79.8,2.52,0,1,0
2.8,2.78,2.72,3.5,98.0,4.93,1,0,0
3.94,3.77,3.88,5.0,78.2,4.89,2,0,0
1.89,2.08,2.09,6.3,72.0,4.95,1,1,0
1.95,1.81,1.81,7.5,76.2,2.75,3,1,0
1.54,1.18,1.09,4.2,78.3,5.36,3,0,1
1.86,1.8,1.8,8.3,65.5,4.53,0,1,1
3.22,3.47,3.47,5.6,89.2,1.47,2,1,0
2.26,2.43,2.39,5.6,93.4,2.69,4,0,0
3.56,3.64,3.58,2.6,90.0,4.63,2,1,0
2.6,2.76,2.76,6.9,68.9,4.76,2,1,1
2.12,1.97,1.97,4.7,77.1,1.89,3,1,0
3.44,3.33,3.35,7.7,100.0,5.35,0,1,0
3.18,3.41,3.39,5.4,96.4,3.26,4,1,0
0.91,1.32,1.4,8.4,82.3,3.85,1,0,1
1.17,0.91,0.89,6.0,75.8,3.3,2,0,1
2.73,2.36,2.36,5.9,73.7,4.2,0,1,1
1.42,1.66,1.66,7.5,85.7,3.58,1,0,1
2.46,2.48,2.46,7.8,87.3,5.06,2,1,0
1.85,1.5,1.54,5.3,84.2,3.22,2,1,0
1.01,0.87,0.87,3.8,77.8,3.07,0,0,0
1.96,1.44,1.5,7.0,83.4,5.09,4,1,1
2.07,2.45,2.4,4.7,82.2,2.65,4,0,1
1.14,1.56,1.59,8.0,70.9,4.41,1,0,1
0.42,0.29,0.34,4.9,72.9,3.92,4,1,1
3.24,3.3,3.28,3.7,73.9,2.49,5,0,0
2.55,2.57,2.52,5.6,79.9,1.95,3,0,1
0.74,1.23,1.22,7.1,83.6,0.5,5,0,1
3.22,3.34,3.34,2.7,79.9,3.21,1,0,0
0.88,0.5,0.55,5.3,95.3,3.42,2,1,1
1.36,1.59,1.57,7.4,86.0,3.57,2,1,1
4.0,4.0,4.0,1.6,92.0,4.4,1,1,0
2.17,1.96,1.96,6.3,70.8,5.47,2,1,0
3.02,2.92,2.96,5.2,75.0,6.56,1,0,1
3.95,4.0,4.0,1.8,81.2,2.86,3,1,0
4.0,4.0,4.0,5.9,85.0,4.53,2,1,0
2.03,2.34,2.47,4.6,76.9,3.08,2,0,1
1.08,1.98,2.01,6.4,91.1,3.2,6,0,1
3.47,3.61,3.62,2.8,79.2,3.16,4,1,0
2.37,2.39,2.39,5.6,78.1,5.36,1,1,1
1.67,1.47,1.39,6.6,78.1,4.26,0,0,1
2.84,3.3,3.33,6.1,95.1,2.06,3,0,0
1.58,1.49,1.49,6.6,67.7,1.92,1,1,1
0.74,0.76,0.81,8.4,68.4,4.07,3,0,1
2.29,1.96,1.87,5.7,76.4,3.73,1,0,0
2.34,2.3,2.34,7.3,73.2,3.16,1,1,1
0.98,0.81,0.78,8.5,74.4,5.37,2,1,1
1.43,1.66,1.61,8.4,76.6,5.04,3,1,1
3.98,3.92,3.92,4.5,80.9,5.41,1,0,0
2.19,2.86,2.88,7.8,89.0,5.4,1,0,0
0.4,0.56,0.59,7.2,96.9,3.92,1,0,1
1.65,1.51,1.51,5.5,73.7,5.6,1,0,1
2.17,2.4,2.4,6.9,71.2,1.69,1,1,0
0.82,0.71,0.73,6.2,77.3,3.18,2,0,1
1.39,1.3,1.35,5.0,93.0,5.09,3,0,0
2.67,2.63,2.63,3.8,61.5,4.99,4,1,1
1.13,1.02,0.95,5.7,87.8,4.86,2,0,0
1.68,1.52,1.53,3.4,92.0,3.12,6,0,1
2.49,2.41,2.49,4.1,95.4,4.24,0,0,0
1.1,1.34,1.23,6.6,66.8,4.14,0,0,1
2.61,2.39,2.47,6.9,89.8,4.2,2,0,1
0.0,0.0,0.0,7.3,85.6,5.71,3,0,1
2.02,2.04,2.0,6.9,86.9,3.77,2,0,0
1.14,1.07,1.13,6.5,86.5,2.28,3,1,1
2.42,2.2,2.28,5.9,74.9,4.36,1,0,0
1.73,1.61,1.62,6.5,81.5,5.26,0,0,0
3.12,3.17,3.23,6.0,90.2,2.67,1,0,0
2.19,2.31,2.35,6.9,84.8,4.83,2,0,0
1.15,1.19,1.19,8.5,95.8,1.41,3,1,1
3.02,2.82,2.78,5.2,83.9,5.11,1,0,0
1.19,1.12,1.19,7.3,61.9,4.09,4,0,1
2.16,2.23,2.23,7.4,69.2,2.03,0,0,0
3.77,3.14,3.24,2.7,85.7,2.77,2,1,0
0.0,0.12,0.12,8.0,82.1,4.11,2,1,1
3.26,3.55,3.5,7.6,91.2,2.87,1,0,0
0.42,0.42,0.42,5.8,73.9,5.17,0,1,1
3.11,3.24,3.24,6.3,94.0,5.02,3,1,0
1.49,1.21,1.21,5.3,95.0,3.75,3,1,0
0.0,0.0,0.0,10.0,82.6,4.59,1,0,1
2.41,2.67,2.71,8.2,80.0,6.52,2,0,0
1.85,1.95,1.95,7.3,80.4,4.31,2,0,0
1.39,1.19,1.15,6.8,100.0,1.69,3,0,1
2.33,1.88,1.88,8.2,77.4,3.01,0,0,1
2.22,2.16,2.26,3.6,79.3,3.01,2,0,0
3.72,4.0,4.0,6.8,92.0,4.81,1,0,0
2.5,2.57,2.55,8.4,85.9,2.34,5,1,0
2.27,2.12,2.16,6.0,75.0,4.7,3,1,0
3.08,3.07,3.06,5.6,88.5,3.17,0,1,1
1.27,1.27,1.32,4.4,76.7,3.12,3,1,1
0.51,0.6,0.59,6.2,72.5,3.14,3,1,1
2.74,2.72,2.72,2.9,77.5,5.27,2,0,0
2.54,2.56,2.57,5.8,85.0,4.28,1,0,1
1.42,1.59,1.57,5.7,80.2,5.12,2,0,0
3.39,3.06,3.06,6.7,77.6,5.38,0,0,0
3.41,3.13,3.17,5.9,74.8,7.48,0,1,0
1.98,1.99,2.01,6.0,83.0,5.51,5,0,1
1.69,1.92,1.86,4.8,79.1,3.71,0,0,1
1.68,2.12,2.17,5.8,82.0,2.88,0,0,0
1.49,1.65,1.65,6.7,84.8,4.34,4,1,1
1.24,0.67,0.67,4.5,78.6,1.25,3,1,1
1.85,1.89,1.94,4.1,89.5,2.87,0,0,1
2.15,2.06,2.08,4.3,92.0,4.87,1,0,1
2.2,2.07,2.0,5.3,76.8,6.32,1,1,1
0.0,0.0,0.0,9.0,89.8,1.33,0,0,1
4.0,4.0,4.0,3.7,88.0,3.17,2,0,0
2.69,2.92,2.98,4.7,68.0,3.67,1,0,0
0.3,0.36,0.37,7.5,83.4,1.59,1,0,1
0.29,0.23,0.23,8.9,69.9,4.44,2,0,1
3.36,3.12,3.08,6.6,75.2,4.75,1,1,0
1.89,2.06,2.04,5.0,81.9,3.89,1,0,1
2.12,1.52,1.52,6.7,96.7,2.64,1,1,0
0.0,0.0,0.0,9.6,70.9,1.72,2,1,1
1.68,0.81,0.71,5.5,77.9,2.48,4,0,1
2.91,2.83,2.85,7.8,87.2,3.3,2,1,0
0.08,0.0,0.01,5.7,73.5,1.36,1,1,1
1.88,1.8,1.8,6.7,58.7,1.93,3,1,1
0.0,0.63,0.55,8.4,82.0,1.59,1,0,1
0.76,0.75,0.81,8.4,80.6,3.03,3,1,1
2.62,3.09,3.1,5.6,86.7,4.68,2,1,0
1.45,1.73,1.73,3.5,77.5,2.59,2,1,0
3.71,3.41,3.46,3.9,85.3,3.11,0,1,0
4.0,3.94,3.98,3.3,87.2,5.98,2,0,0
1.54,1.64,1.6,6.2,79.1,2.57,0,0,1
2.62,2.36,2.36,7.8,85.6,5.17,1,0,1
2.79,2.87,2.87,5.1,81.8,3.82,2,0,0
3.98,3.79,3.79,6.3,84.5,3.68,0,1,0
2.73,2.46,2.46,5.7,75.8,3.36,2,1,1
4.0,4.0,4.0,2.0,91.0,5.59,0,1,0
2.29,2.6,2.64,5.7,91.2,2.77,1,0,0
2.69,2.9,2.96,4.8,81.0,2.11,3,0,0
1.43,1.8,1.75,6.8,82.6,4.93,2,1,0
2.94,3.06,3.06,1.7,72.6,6.1,0,0,0
2.14,2.7,2.71,6.4,73.7,3.99,1,1,1
1.75,1.84,1.83,7.5,78.5,4.28,2,0,1
0.88,1.45,1.44,4.2,87.4,1.69,1,1,1
1.65,1.82,1.76,6.2,86.5,3.03,2,1,0
1.17,1.58,1.58,6.6,74.3,3.76,0,1,1
1.03,1.0,0.94,4.9,86.8,6.12,2,0,0
2.43,1.97,1.88,7.8,82.7,3.16,0,0,0
2.65,2.64,2.58,5.3,97.4,3.73,2,1,0
1.18,0.92,0.92,5.8,92.1,3.46,0,1,1
0.44,0.7,0.71,4.2,82.1,2.74,0,0,1
2.09,2.39,2.57,3.5,91.3,4.16,3,0,0
0.87,0.65,0.66,2.5,84.5,2.68,0,1,1
2.73,2.67,2.67,7.4,79.3,3.78,2,1,0
0.54,0.47,0.47,10.0,77.9,4.1,0,0,1
1.42,1.76,1.86,5.0,81.0,5.81,0,0,0
1.26,1.82,1.76,8.1,84.5,2.77,1,0,0
1.5,1.2,1.18,8.3,74.4,4.24,1,1,1
1.6,1.56,1.56,4.6,86.8,5.09,1,0,0
2.59,2.42,2.42,6.8,84.0,2.58,1,1,0
0.0,0.0,0.02,4.9,86.6,1.01,5,1,1
0.58,0.05,0.12,6.6,84.1,4.25,0,0,0
4.0,3.63,3.63,7.1,88.7,3.72,2,1,0
1.66,1.99,1.99,6.8,70.7,4.69,0,0,1
2.43,2.44,2.44,2.7,80.0,5.96,1,0,1
2.75,2.26,2.36,7.0,75.7,4.44,2,0,1
3.48,3.21,3.21,5.2,84.5,4.16,0,0,0
1.6,0.99,0.97,5.5,92.0,4.62,0,1,0
2.46,2.56,2.53,7.3,83.5,3.54,1,0,0
4.0,4.0,4.0,6.8,93.0,2.72,2,1,0
3.18,3.53,3.5,5.2,80.7,3.75,2,1,1
1.85,1.92,1.95,6.4,78.2,5.93,0,0,0
0.0,0.38,0.33,7.2,67.2,4.12,1,0,1
0.05,0.0,0.0,8.4,63.7,4.62,3,0,1
1.72,1.19,1.17,7.3,74.5,3.97,3,0,1
1.81,1.74,1.76,3.8,84.2,4.13,4,0,1
2.47,2.24,2.15,7.0,87.6,6.3,3,1,0
2.27,2.09,2.19,3.2,100.0,3.67,1,0,0
1.52,1.62,1.62,6.0,78.5,5.06,2,1,1
2.0,2.07,2.07,3.8,80.7,5.68,3,1,1
0.67,0.52,0.56,5.1,92.6,0.95,2,1,1
0.97,1.41,1.41,7.7,98.0,4.04,2,0,1
0.95,1.07,1.07,6.2,67.4,3.85,3,1,0
1.9,2.03,2.03,5.7,84.3,2.34,3,0,0
0.0,0.35,0.32,8.9,71.9,3.3,2,1,1
2.47,2.75,2.7,6.2,86.4,3.96,2,1,0
3.8,4.0,4.0,4.2,78.3,4.58,1,1,0
0.99,0.98,1.0,3.6,83.6,3.6,2,0,0
2.26,2.14,2.16,3.1,79.5,2.58,0,0,0
0.0,0.0,0.02,4.3,81.8,4.38,2,0,1
3.35,4.0,4.0,4.4,81.5,4.63,2,0,0
2.09,1.84,1.82,3.2,76.3,1.99,3,1,0
3.63,3.29,3.35,5.0,90.0,2.93,3,0,0
3.4,3.31,3.27,2.5,77.4,5.39,2,0,0
1.88,1.86,1.86,3.6,78.2,3.3,0,0,0
2.94,2.54,2.52,4.5,78.3,3.66,1,0,0
0.46,0.61,0.61,5.7,89.8,3.92,1,0,1
1.01,1.09,1.01,4.8,91.3,5.06,3,0,0
2.42,2.04,2.02,8.7,83.7,5.24,2,1,1
2.63,2.56,2.6,4.3,84.2,4.41,2,0,0
2.48,3.23,3.21,5.5,92.8,4.43,0,1,1
0.81,0.59,0.59,5.3,77.4,3.32,3,1,1
1.69,1.26,1.26,4.5,75.6,6.02,2,0,0
0.4,0.36,0.38,7.1,78.7,2.13,5,1,1
0.0,0.01,0.02,7.3,79.4,3.06,1,0,1
2.24,2.48,2.46,5.7,82.8,3.98,1,1,0
2.65,2.83,2.82,4.4,82.3,4.23,3,1,0
0.97,1.39,1.39,4.4,76.5,2.57,2,1,0
3.1,3.48,3.5,7.3,80.8,4.7,5,1,0
1.77,1.62,1.62,7.4,78.4,2.29,0,1,1
2.71,2.89,2.89,5.8,69.1,4.99,2,0,1
1.86,1.88,1.9,6.6,92.1,3.66,6,1,1
3.44,3.71,3.71,4.1,79.5,3.85,1,1,0
0.9,1.07,1.14,4.7,86.4,3.3,4,0,1
3.09,2.98,3.0,4.0,89.7,3.72,1,0,0
4.0,3.8,3.81,5.5,87.3,6.17,1,0,0
2.18,1.7,1.69,3.6,68.8,4.67,0,0,0
3.24,2.98,2.96,5.1,79.0,3.43,1,0,0
4.0,4.0,3.95,3.4,71.8,5.93,3,1,1
0.79,0.57,0.53,5.6,80.9,3.57,3,1,1
3.14,2.9,2.85,3.8,78.6,1.76,0,1,0
2.85,2.44,2.44,4.3,80.6,5.47,1,0,0
2.24,2.82,2.78,6.7,72.9,3.49,2,1,0
2.97,3.0,3.0,3.0,85.4,3.43,0,0,1
0.02,0.02,0.0,8.1,76.2,3.38,1,0,1
1.85,2.07,2.04,6.3,73.9,5.37,0,1,0
2.03,1.7,1.69,9.4,70.9,4.41,4,0,1
1.39,1.59,1.59,4.2,90.1,2.93,4,1,1
0.98,0.8,0.76,5.1,79.2,1.68,1,0,1
2.2,2.23,2.21,7.6,91.2,3.6,3,0,1
4.0,3.78,3.74,5.6,71.9,5.49,2,0,0
0.71,0.88,0.9,5.3,79.3,3.85,3,0,1
0.63,0.88,0.88,7.8,88.7,2.9,1,0,1
2.46,2.38,2.42,5.6,80.9,2.68,1,0,1
2.16,2.42,2.47,5.9,73.7,4.96,4,0,1
0.68,0.69,0.69,8.6,79.2,4.0,2,0,0
2.13,1.85,1.79,5.8,65.8,6.38,0,0,0
0.95,1.04,1.07,7.3,84.3,1.09,1,1,0
4.0,4.0,4.0,2.6,78.6,1.72,2,0,0
4.0,4.0,3.94,3.3,88.3,5.82,2,1,0
1.31,1.41,1.36,5.1,79.2,3.12,3,0,1
2.48,3.02,3.0,2.0,72.3,3.56,1,0,0
3.45,3.26,3.25,6.3,89.9,4.33,3,0,0
1.93,1.85,1.8,4.6,87.5,3.83,1,0,0
1.75,1.71,1.71,8.7,98.5,3.06,1,1,0
2.03,2.31,2.31,3.3,79.3,2.18,2,1,0
0.0,0.0,0.07,9.0,72.6,2.92,1,0,1
1.24,1.5,1.5,7.0,84.3,0.92,5,0,1
1.51,1.54,1.54,9.3,88.1,3.56,3,0,1
2.94,2.96,2.96,4.0,78.2,3.32,1,0,0
1.11,0.88,0.88,5.7,85.1,1.91,2,0,1
1.62,2.08,2.09,6.9,83.0,5.47,0,1,0
2.4,2.39,2.33,8.9,86.9,4.84,0,0,1
3.02,2.72,2.73,2.9,90.5,4.06,2,1,0
3.69,3.81,3.75,5.3,80.0,4.9,4,1,0
1.18,1.5,1.5,5.2,66.5,3.57,1,1,1
0.7,1.08,1.27,6.1,76.1,4.16,2,0,0
2.7,2.83,2.83,5.2,83.9,4.99,3,0,0
1.17,1.36,1.35,8.7,79.9,4.73,1,1,1
1.14,0.66,0.57,2.4,91.6,3.26,3,1,0
1.02,1.37,1.34,5.9,81.5,5.22,3,0,1
2.17,2.05,2.05,7.2,81.9,3.49,3,1,1
1.47,1.6,1.66,7.2,79.1,5.88,0,0,1
2.48,2.14,2.06,7.1,87.9,4.85,3,0,0
0.0,0.32,0.34,5.0,81.8,3.85,2,0,0
3.37,3.25,3.28,7.0,90.6,5.58,5,1,1
2.66,2.73,2.67,7.1,93.8,4.11,1,1,0
3.11,2.99,3.01,7.0,95.6,3.86,1,0,0
2.66,3.02,2.99,5.8,90.2,6.47,3,0,0
4.0,4.0,3.98,2.5,97.2,2.66,3,1,0
2.95,3.18,3.18,5.2,84.6,5.95,0,0,0
2.38,2.26,2.37,7.0,85.4,3.61,0,0,0
0.09,0.02,0.01,9.4,66.4,3.62,2,1,1
2.94,3.42,3.42,9.0,81.6,3.81,0,1,1
1.86,1.94,1.97,5.6,86.1,2.5,0,0,1
3.16,3.21,3.18,4.9,94.5,2.88,1,0,0
0.57,0.52,0.51,6.9,80.4,5.01,2,1,1
1.51,1.77,1.76,6.8,73.6,3.64,0,0,1
1.39,1.27,1.27,6.8,77.3,4.64,3,1,0
2.95,2.64,2.64,3.6,91.4,3.83,0,1,1
2.25,2.53,2.47,5.9,86.1,1.41,2,1,1
2.45,2.08,2.08,2.4,84.7,3.29,1,0,1
1.32,1.26,1.27,5.0,73.6,5.02,4,0,0
0.0,0.0,0.0,6.2,88.9,3.57,1,1,1
3.26,3.48,3.44,2.8,79.5,4.23,1,0,0
1.31,1.25,1.28,4.9,82.9,4.16,3,1,0
2.81,3.08,3.06,2.5,95.5,4.98,3,0,1
1.56,1.1,1.11,7.9,72.1,4.88,1,0,1
1.47,1.54,1.5,5.4,86.3,2.57,1,0,1
3.41,3.39,3.41,5.1,79.9,4.35,0,1,0
1.93,1.88,1.85,5.4,85.3,3.04,2,0,0
1.32,1.44,1.44,5.9,83.3,3.62,2,1,1
1.07,1.03,1.07,3.7,81.9,0.92,3,1,1
3.34,2.84,2.87,4.4,90.8,3.65,2,0,0
2.52,2.68,2.69,5.6,78.4,5.83,0,0,0
2.03,2.3,2.32,3.7,81.8,4.55,3,1,0
4.0,4.0,4.0,6.1,73.2,2.82,4,0,0
0.94,0.86,0.89,4.8,83.9,6.2,2,1,1
1.81,2.04,2.15,7.8,80.6,4.68,2,0,0
1.91,2.0,2.0,6.8,91.2,4.33,0,0,0
0.95,1.28,1.23,5.8,85.3,1.22,3,0,0
1.24,1.23,1.31,5.9,86.7,5.65,2,0,1
1.39,1.38,1.38,6.1,86.1,4.15,0,1,1
2.07,2.05,2.0,8.6,85.8,2.87,2,0,0
3.86,4.0,4.0,5.4,84.4,6.0,2,0,1
2.82,2.4,2.41,5.9,78.0,5.65,0,0,0
0.54,0.39,0.39,3.9,73.6,3.15,2,1,1
1.19,0.85,0.7,5.0,77.6,2.76,3,1,1
2.1,2.35,2.33,5.5,86.9,5.19,2,1,0
1.49,1.48,1.48,8.9,83.1,3.25,2,0,0
1.84,2.45,2.41,5.8,79.8,5.0,1,1,1
3.56,3.18,3.13,1.6,85.2,3.12,1,0,0
2.89,2.66,2.58,5.5,84.1,6.29,3,0,1
3.54,3.58,3.58,5.2,75.7,7.28,2,0,0
1.89,1.93,1.93,4.1,72.8,6.54,1,0,1
1.99,2.31,2.3,6.3,97.3,5.91,2,1,0
2.03,1.67,1.7,4.9,67.5,3.27,5,1,0
2.69,2.38,2.42,3.0,82.4,4.49,1,1,1
0.76,0.99,1.03,7.2,71.3,4.56,2,0,1
2.34,2.92,2.92,4.7,71.3,4.97,1,1,1
2.41,2.36,2.35,6.0,86.0,5.73,1,0,0
1.4,1.48,1.48,5.1,90.3,4.59,2,0,1
0.49,0.18,0.17,8.0,68.6,2.95,2,1,1
2.76,3.06,3.08,4.0,87.2,4.15,1,1,0
1.1,0.89,0.89,4.1,86.7,3.51,3,0,0
2.42,2.42,2.39,4.1,72.3,1.91,2,0,0
3.45,3.41,3.32,3.0,84.5,3.4,2,0,0
2.78,2.93,2.91,5.0,89.0,4.05,0,1,0
1.84,1.8,1.8,3.1,83.9,2.45,1,0,0
1.51,1.08,1.0,5.3,77.0,4.4,1,1,1
0.92,1.22,1.24,6.5,71.9,2.73,3,0,1
1.92,1.51,1.5,6.5,75.8,3.33,1,0,1
2.35,2.32,2.33,3.6,72.2,0.97,1,0,0
2.29,2.02,2.02,5.6,71.8,5.34,1,0,1
2.5,2.84,2.82,4.5,76.5,4.82,1,0,0
1.72,1.86,1.88,3.7,75.3,3.28,2,0,0
0.0,0.0,0.0,2.9,76.1,3.95,3,1,1
2.15,2.85,2.82,6.2,74.0,1.77,2,1,1
2.14,2.02,1.95,6.4,78.1,5.53,2,1,1
1.62,1.95,1.88,2.0,81.6,1.63,3,0,0
2.02,2.46,2.47,7.9,62.3,5.94,2,0,0
0.89,0.98,0.98,3.6,71.1,4.24,1,0,1
1.07,0.95,0.93,6.4,72.1,2.35,5,1,1
3.6,3.21,3.22,5.3,81.9,5.82,0,0,0
2.02,1.89,1.89,7.2,87.9,5.56,1,0,0
2.86,2.47,2.53,7.1,72.2,2.98,2,1,1
0.51,0.22,0.19,6.7,78.2,4.5,3,1,1
3.1,2.81,2.86,3.5,72.4,3.52,3,0,0
2.33,2.35,2.41,6.1,83.2,4.56,3,1,0
1.28,1.14,1.14,5.5,82.9,4.68,4,0,1
3.09,3.34,3.33,7.2,89.7,4.36,3,1,1
0.0,0.0,0.06,7.9,82.3,2.49,2,0,1
1.96,1.79,1.79,1.7,86.8,3.88,1,1,1
1.1,1.14,1.08,4.3,77.7,3.79,1,0,1
0.0,0.7,0.72,8.8,77.6,2.31,3,0,1
3.07,2.81,2.86,3.2,75.9,5.39,3,0,0
0.49,0.36,0.37,7.5,94.5,3.27,3,0,1
4.0,4.0,4.0,2.4,82.7,2.52,0,0,0
1.11,1.09,1.09,4.8,76.5,1.45,4,0,0
3.26,2.82,2.87,4.2,83.3,4.7,3,1,0
0.0,0.0,0.0,9.0,77.8,4.98,1,0,1
1.66,1.03,1.03,7.8,73.0,4.53,2,1,1
1.5,1.56,1.56,5.0,75.8,2.25,5,0,0
0.0,0.04,0.04,7.7,72.0,2.66,1,1,1
2.49,2.81,2.78,5.0,77.8,4.41,1,0,1
0.95,0.85,0.75,6.4,88.9,3.92,2,0,1
2.46,2.84,2.84,3.2,71.4,4.37,2,1,0
3.32,2.83,2.83,4.4,91.4,1.62,4,0,0
1.99,1.77,1.87,4.9,90.2,4.88,2,0,1
2.09,2.48,2.47,7.8,81.3,4.3,1,0,0
2.14,2.24,2.26,5.2,91.9,1.1,5,1,0
1.77,1.87,1.87,5.3,84.7,3.99,1,0,1
3.12,3.2,3.2,3.2,73.5,4.17,2,1,1
1.32,1.51,1.51,2.7,82.0,1.42,1,1,1
2.15,2.64,2.72,6.3,89.1,5.19,1,0,0
4.0,3.56,3.65,4.8,85.6,6.51,1,0,0
2.62,2.28,2.22,7.7,82.8,3.63,0,0,0
1.48,1.39,1.4,3.9,75.2,5.15,1,1,1
1.99,2.21,2.21,8.2,87.6,4.45,1,0,0
3.34,3.41,3.41,5.6,94.8,5.64,0,1,0
2.54,2.77,2.77,3.6,81.4,3.9,3,1,0
2.39,2.1,2.04,4.1,73.9,4.9,2,0,1
4.0,4.0,3.95,3.8,87.1,4.84,2,0,1
1.49,1.32,1.3,9.8,90.8,4.46,1,0,1
2.43,2.1,2.03,5.7,87.3,3.09,4,0,0
1.46,1.42,1.47,3.7,93.4,2.84,2,0,1
4.0,3.98,3.98,3.3,93.0,4.0,1,0,0
1.85,1.84,1.84,5.1,86.5,2.54,3,0,0
3.72,3.84,3.87,3.7,77.7,4.62,3,0,0
1.58,1.86,1.84,7.2,69.6,4.15,2,0,0
0.75,0.25,0.29,9.0,81.8,4.18,2,0,1
0.13,0.0,0.0,7.2,80.3,6.07,1,1,1
1.66,2.19,2.16,6.5,76.8,3.46,1,1,1
2.09,2.01,2.0,6.3,79.8,3.48,0,1,0
1.21,1.3,1.29,6.1,75.9,0.81,2,0,1
1.54,1.26,1.29,5.8,79.5,4.25,2,0,1
2.67,2.55,2.53,5.4,74.6,3.14,3,1,0
1.0,1.64,1.65,5.9,65.0,3.97,2,0,1
2.54,2.68,2.68,6.3,84.2,3.71,3,0,0
1.28,1.53,1.58,8.7,84.9,4.32,3,0,0
2.22,1.95,1.95,2.9,91.7,3.32,2,0,0
1.91,2.26,2.25,5.5,81.8,2.32,2,1,0
3.3,3.07,3.07,3.0,82.9,3.51,2,0,0
2.13,1.61,1.61,4.4,74.9,5.4,2,0,0
3.97,4.0,4.0,5.3,89.8,4.42,2,0,1
2.27,2.3,2.3,5.7,81.2,3.56,0,1,0
3.16,3.14,3.19,5.6,88.2,3.81,2,0,0
4.0,3.93,3.93,1.0,84.5,5.65,3,0,0
2.56,2.64,2.66,5.2,80.2,2.37,0,0,0
3.74,4.0,3.86,4.4,83.3,4.23,2,0,0
2.82,3.33,3.33,7.0,66.0,3.21,4,0,0
1.53,1.5,1.51,7.8,84.3,3.02,3,0,0
2.22,2.36,2.31,5.8,77.8,2.53,2,1,0
0.0,0.2,0.14,5.4,79.8,3.64,2,0,1
1.39,2.11,2.11,8.6,66.2,3.35,2,0,1
0.29,0.28,0.22,9.5,90.4,0.6,4,1,1
1.95,2.4,2.43,5.5,86.0,2.57,2,0,1
2.85,2.9,2.91,4.9,85.9,4.81,4,0,0
3.6,3.58,3.65,3.8,83.1,6.86,1,1,0
2.7,2.76,2.76,8.1,70.4,5.03,0,1,1
2.02,2.33,2.29,9.2,74.6,3.16,3,0,1
4.0,4.0,4.0,3.8,85.4,4.5,2,0,0
4.0,4.0,3.97,6.7,80.5,3.87,4,0,0
2.87,3.13,3.14,5.4,93.0,4.21,3,0,0
0.6,0.59,0.55,6.5,76.6,5.41,4,1,1
0.31,0.14,0.14,5.4,84.7,3.36,4,1,1
4.0,3.94,3.94,5.5,87.7,2.81,1,1,0
1.62,1.86,1.86,5.3,92.8,2.92,0,0,1
0.0,0.14,0.17,6.6,74.9,4.1,2,0,1
2.36,2.14,2.18,7.4,79.9,4.04,3,0,0
1.05,0.88,0.88,8.0,69.2,4.79,2,1,1
2.08,1.81,1.81,4.9,79.8,4.27,2,1,1
0.0,0.0,0.0,8.2,83.0,3.39,0,1,1
0.41,0.56,0.5,6.3,83.9,2.68,1,0,1
0.77,1.02,0.99,7.5,86.6,3.73,2,1,1
2.78,2.57,2.48,5.9,69.4,2.34,2,0,0
2.32,2.23,2.34,6.7,75.0,2.79,5,1,0
0.76,0.67,0.67,5.8,83.4,2.76,2,0,1
1.94,1.58,1.61,3.8,87.6,4.71,1,1,0
4.0,4.0,4.0,5.0,97.0,3.68,3,0,0
0.8,0.99,0.94,6.2,74.6,5.18,0,0,0
2.91,2.62,2.63,3.4,83.1,1.53,0,0,0
0.61,0.2,0.17,7.0,77.5,4.35,0,0,1
3.86,4.0,4.0,1.3,81.2,5.37,0,0,0
2.67,2.43,2.48,3.7,81.6,2.68,1,1,0
1.38,1.65,1.58,6.7,96.8,0.91,2,1,0
1.75,1.71,1.77,10.0,83.5,3.8,3,1,0
2.69,2.41,2.51,7.7,83.3,2.91,1,0,0
1.57,1.89,1.89,10.0,82.6,3.91,1,0,1
2.8,2.73,2.73,2.3,84.1,5.35,6,0,0
2.73,3.33,3.39,4.9,79.2,6.73,1,1,0
1.62,2.27,2.31,6.2,80.6,4.35,3,1,0
3.47,3.65,3.65,4.2,85.6,4.89,2,0,1
2.67,2.61,2.65,5.2,79.1,4.27,3,1,0
2.54,2.58,2.58,4.1,96.6,4.43,1,0,0
3.13,3.23,3.17,7.7,88.8,2.01,1,0,0
4.0,4.0,4.0,6.8,85.7,3.59,3,0,1
1.36,1.17,1.2,3.0,79.0,1.69,1,0,1
1.68,1.42,1.49,7.0,88.4,3.49,2,1,1
2.42,3.02,3.01,5.0,87.6,5.63,1,0,1
2.77,2.66,2.75,5.2,81.8,3.36,1,1,0
3.86,3.81,3.77,4.1,82.6,5.22,3,1,0
1.92,1.75,1.71,4.8,80.5,5.8,2,0,0
2.6,2.36,2.49,2.8,76.4,3.25,0,0,0
0.96,0.07,0.07,8.6,85.6,5.13,2,0,1
2.46,2.51,2.51,4.2,77.1,3.99,1,0,0
0.87,0.74,0.74,5.1,86.3,3.81,2,1,1
2.25,2.4,2.36,6.1,77.6,4.68,3,1,0
0.1,0.11,0.13,10.0,69.3,5.99,3,0,1
1.77,1.49,1.47,5.6,87.8,3.6,5,1,1
1.77,1.45,1.53,6.0,96.6,3.33,3,0,0
1.82,1.71,1.62,3.9,91.6,3.87,4,0,1
2.41,2.39,2.39,2.5,76.4,3.8,3,1,0
2.34,2.53,2.53,3.5,72.2,3.44,0,0,1
2.84,2.97,2.93,4.5,64.9,5.51,7,1,0
2.75,2.81,2.82,3.8,86.6,4.77,4,0,0
1.01,0.93,0.83,8.2,78.2,2.76,1,1,1
1.55,1.71,1.68,5.8,65.0,5.65,4,0,1
3.06,3.06,3.18,6.0,77.3,3.96,0,0,0
4.0,4.0,3.96,5.8,90.4,5.83,1,1,0
1.82,1.71,1.68,4.8,75.5,4.39,1,0,0
2.42,2.91,2.91,4.9,82.9,5.95,1,1,1
3.14,3.01,3.08,2.9,87.5,5.73,2,0,1
2.62,2.39,2.5,7.7,93.0,5.29,1,1,0
2.04,1.63,1.56,4.9,68.2,5.15,2,1,1
0.35,0.12,0.12,6.9,74.8,3.42,3,1,1
2.13,2.61,2.55,5.2,75.5,4.33,2,0,1
0.81,0.86,0.86,6.5,86.1,2.48,1,0,0
1.15,0.74,0.8,4.6,78.5,4.01,2,1,1
2.07,2.3,2.33,6.2,82.5,5.69,2,1,1
3.0,2.89,2.87,4.9,88.5,5.29,4,0,0
1.35,1.54,1.62,7.8,79.9,3.78,3,1,1
0.49,0.6,0.6,5.5,88.7,2.73,4,0,1
2.9,3.31,3.29,7.3,75.8,4.38,2,1,1
2.44,2.34,2.35,4.9,83.9,3.71,0,0,1
3.5,3.74,3.78,4.8,75.6,4.55,0,0,0
2.34,2.49,2.49,4.7,70.4,4.14,2,0,0
1.72,1.5,1.48,5.7,84.0,3.75,4,0,1
2.79,2.69,2.68,9.3,80.2,4.89,2,1,1
2.73,2.56,2.61,5.0,81.8,0.5,2,0,0
0.41,1.13,1.13,8.7,77.7,4.12,0,0,1
2.14,2.31,2.25,6.0,75.1,5.99,3,1,0
2.74,2.49,2.52,3.2,86.0,6.12,2,1,0
1.89,2.02,2.02,3.4,86.2,3.18,3,0,0
0.7,0.63,0.59,5.8,79.0,5.45,0,0,1
1.75,1.66,1.67,8.3,67.9,4.01,2,0,1
2.42,2.49,2.46,3.4,85.6,1.84,2,0,0
0.71,0.83,0.78,5.3,77.1,2.33,3,1,1
1.29,1.31,1.39,5.2,86.0,5.45,4,0,1
3.94,3.77,3.7,7.5,82.9,3.22,0,0,0
3.85,3.47,3.43,4.3,85.3,4.87,2,0,0
0.99,0.98,0.98,6.8,78.8,4.12,3,0,1
2.07,2.07,2.16,6.6,70.6,1.86,4,0,1
2.02,1.73,1.73,5.4,76.9,3.22,3,0,1
1.65,1.51,1.58,6.5,80.9,1.63,0,0,1
1.9,2.03,2.03,6.7,84.2,5.21,2,0,1
1.41,1.69,1.7,6.5,71.9,5.33,0,1,0
0.87,1.29,1.25,5.1,82.1,3.64,1,0,0
0.08,0.0,0.0,8.6,78.5,5.2,0,0,1
1.48,0.71,0.71,7.9,72.9,5.9,1,0,0
3.15,3.11,3.11,2.6,89.4,2.72,0,0,0
0.24,0.08,0.08,6.9,78.5,2.65,5,1,1
1.71,1.95,1.92,6.1,87.4,6.14,1,0,0
4.0,3.38,3.46,3.2,87.6,3.92,1,0,0
1.41,1.71,1.75,6.9,85.1,3.54,3,0,1
0.98,0.72,0.71,6.6,82.1,4.17,2,0,1
2.42,2.42,2.39,7.5,76.7,4.85,2,1,1
0.85,0.83,0.81,7.4,100.0,3.3,0,0,0
1.78,1.65,1.65,9.4,68.9,5.32,0,1,1
1.25,1.48,1.5,7.2,85.6,5.81,3,0,1
4.0,3.84,3.84,4.5,73.5,7.04,2,1,0
1.03,1.49,1.51,7.4,85.8,2.92,1,1,0
3.45,3.75,3.74,4.7,77.1,2.26,0,0,0
2.2,2.48,2.5,2.3,67.2,3.34,0,0,0
3.2,2.89,2.86,6.8,76.3,5.23,1,1,0
2.93,3.38,3.33,3.8,82.0,2.72,0,0,0
1.22,1.05,1.05,5.0,88.2,4.91,2,0,0
2.7,2.67,2.67,8.8,89.2,1.84,1,1,1
2.49,3.1,3.08,5.5,78.1,2.88,0,0,0
1.88,2.2,2.24,6.1,86.7,4.45,2,0,1
1.74,1.55,1.55,6.5,85.4,3.59,1,0,1
0.96,0.94,0.88,7.3,66.5,5.22,4,1,1
1.29,1.61,1.52,5.7,73.6,4.32,0,0,0
1.37,1.52,1.52,6.8,78.4,3.09,4,0,1
2.24,2.21,2.28,6.5,81.6,6.25,3,1,1
1.89,1.9,1.89,6.0,82.6,4.81,1,1,0
3.59,3.37,3.36,4.2,92.1,3.8,1,1,1
2.51,2.41,2.41,8.0,74.1,4.41,1,0,0
2.62,2.35,2.32,4.4,96.1,3.29,3,0,0
0.77,1.02,0.96,6.2,83.0,4.54,0,0,1
3.38,2.88,2.88,6.7,92.4,4.42,1,0,0
2.06,1.56,1.56,5.0,72.9,4.96,2,1,1
3.04,2.55,2.55,2.9,68.1,4.53,3,1,1
1.63,1.06,1.09,7.2,65.3,3.58,3,0,0
1.04,0.51,0.53,6.1,72.3,2.99,2,1,0
2.42,2.9,2.9,5.5,72.4,2.66,1,1,1
0.42,0.83,0.75,6.6,86.8,1.97,2,1,1
3.98,3.8,3.82,5.1,89.6,4.83,1,0,0
1.61,1.75,1.81,6.4,68.9,4.63,2,1,1
2.34,2.42,2.47,4.6,98.1,4.61,1,1,0
1.84,1.94,1.94,5.1,72.9,2.24,1,0,1
1.5,1.44,1.49,4.5,87.4,3.75,1,1,0
2.08,2.1,2.1,5.8,70.7,5.27,2,1,0
4.0,3.69,3.65,5.2,94.2,0.8,0,1,0
1.38,1.44,1.46,5.3,77.9,5.5,1,0,1
0.21,0.57,0.62,5.1,83.1,7.06,0,0,1
1.03,1.43,1.43,5.8,88.8,3.99,2,0,1
3.63,3.68,3.67,3.7,86.7,3.96,3,1,1
1.46,1.46,1.52,7.0,80.8,3.32,1,1,1
2.89,3.15,3.19,6.0,89.2,5.58,3,1,1
0.77,0.67,0.73,8.0,80.9,3.88,0,1,1
0.64,0.16,0.2,7.8,79.1,5.42,1,1,1
0.77,0.67,0.63,7.3,70.7,4.14,4,0,0
1.13,1.09,1.08,4.3,69.9,5.32,2,1,1
2.09,1.76,1.75,8.2,93.0,5.42,1,1,0
2.41,2.69,2.69,3.4,77.7,3.32,0,1,0
4.0,3.87,3.91,6.2,91.5,5.83,2,1,0
3.31,3.48,3.56,6.9,85.0,4.49,0,1,0
1.58,1.26,1.33,5.1,88.0,2.72,3,1,0
2.24,2.2,2.2,7.2,74.7,4.91,2,0,1
1.15,1.1,0.99,8.7,80.2,5.62,0,0,0
0.0,0.0,0.0,7.1,65.6,4.09,2,0,1
1.3,1.73,1.79,8.8,73.2,4.03,1,0,1
0.68,0.68,0.7,4.2,65.6,2.28,6,1,0
2.56,2.42,2.45,2.6,70.0,4.03,1,0,0
1.86,2.15,2.15,4.2,82.3,3.78,1,0,0
1.98,1.53,1.55,3.6,80.5,4.09,1,1,0
2.66,2.96,3.03,6.6,83.0,5.32,1,1,1
2.53,2.56,2.5,9.1,70.9,3.44,3,0,0
2.3,2.25,2.31,3.4,71.6,1.18,1,0,0
0.23,0.19,0.08,5.4,78.2,3.14,0,1,1
0.8,0.76,0.77,9.2,73.5,2.87,1,0,1
1.19,1.15,1.1,7.3,84.6,2.48,0,0,1
0.68,0.43,0.43,4.9,98.2,1.51,0,1,0
2.09,2.07,2.07,6.6,72.7,4.8,1,0,0
2.72,2.69,2.69,2.7,69.3,3.1,3,1,1
2.01,1.44,1.44,8.2,83.8,4.15,4,0,0
1.76,1.89,1.91,4.6,70.0,3.89,1,0,1
1.87,2.3,2.31,5.6,68.0,5.14,1,1,1
0.37,0.78,0.78,7.1,66.7,3.18,0,0,1
2.63,2.57,2.59,2.0,88.0,3.94,2,0,0
3.84,3.69,3.7,4.7,77.9,4.6,3,1,0
3.18,3.75,3.75,5.1,86.0,4.67,2,1,0
2.72,2.65,2.62,5.0,65.4,4.24,2,1,1
1.34,1.65,1.72,3.3,74.9,3.46,2,1,1
1.64,1.51,1.54,8.3,72.8,2.77,3,0,1
1.57,1.82,1.86,7.9,70.7,2.48,1,0,1
3.38,3.43,3.43,8.2,89.0,4.39,2,0,0
1.95,2.01,1.98,6.1,81.2,3.37,4,0,0
0.42,0.81,0.81,8.0,77.5,3.01,2,1,1
1.37,1.2,1.15,6.1,79.9,2.06,1,0,0
1.71,2.19,2.25,5.5,80.7,4.44,2,0,1
3.44,3.19,3.26,7.1,92.8,4.44,3,0,0
0.17,0.0,0.1,8.1,86.4,2.02,0,0,1
3.18,3.37,3.35,5.3,71.1,3.64,2,1,0
4.0,4.0,4.0,4.2,82.7,5.38,4,1,0
0.24,0.0,0.0,9.0,64.0,3.16,0,0,1
1.45,1.19,1.21,8.5,73.0,2.17,1,0,1
3.14,3.1,3.14,8.4,87.9,2.72,1,0,1
0.32,0.08,0.1,8.4,68.5,2.04,3,0,1
1.05,1.24,1.24,7.8,94.9,5.06,2,0,1
2.92,3.79,3.86,5.5,86.8,3.78,2,0,0
1.79,1.56,1.53,4.9,75.8,2.86,2,0,0
1.82,1.97,2.03,5.4,66.2,5.05,1,0,1
0.19,0.14,0.14,4.9,86.5,4.1,1,0,0
3.34,3.37,3.3,5.7,86.3,4.59,5,1,1
1.83,1.61,1.69,3.1,85.1,0.59,2,0,0
2.14,2.41,2.41,5.1,86.3,3.67,2,0,0
1.07,0.65,0.7,7.0,72.8,5.69,1,1,1
1.51,1.86,1.86,7.2,80.3,2.34,2,1,0
0.58,0.48,0.48,4.6,70.4,0.5,1,1,1
0.49,0.67,0.71,6.4,67.4,3.59,5,1,1
1.81,1.78,1.77,10.0,83.2,5.3,3,1,1
2.27,2.18,2.21,6.1,66.0,1.81,4,0,1
1.87,2.01,2.09,6.5,77.7,4.9,0,0,1
2.09,2.54,2.52,4.7,85.0,4.62,3,1,1
1.13,1.07,1.02,6.0,77.0,2.85,1,0,0
2.51,2.45,2.5,7.1,82.5,4.6,1,0,1
1.2,0.96,0.98,5.7,88.0,4.61,5,0,0
1.06,1.12,1.09,2.2,65.1,4.48,1,0,1
3.23,3.2,3.18,5.9,74.9,4.08,1,0,0
1.9,1.83,1.82,6.3,67.2,3.54,3,0,0
3.57,3.98,3.86,3.4,86.8,3.41,2,1,0
4.0,4.0,4.0,6.7,100.0,3.74,1,1,0
0.0,0.0,0.0,5.3,79.2,4.64,2,0,1
1.87,1.27,1.27,7.6,79.1,0.5,0,0,0
2.38,2.53,2.53,5.4,78.0,5.13,2,0,1
0.89,0.71,0.71,6.9,86.9,0.66,4,0,1
1.35,1.34,1.28,6.0,83.6,2.57,1,1,1
2.88,2.81,2.81,5.1,84.4,6.06,0,1,0
1.61,1.49,1.52,5.5,85.0,6.07,2,0,1
2.29,2.46,2.48,4.7,84.0,7.05,2,0,0
1.15,1.19,1.22,8.2,78.4,3.19,1,1,1
3.55,3.45,3.48,8.9,80.0,4.09,1,1,1
1.4,1.2,1.2,6.8,84.4,4.52,3,0,1
2.63,2.57,2.53,4.9,70.2,4.69,5,1,0
2.44,2.19,2.19,4.9,82.0,3.58,2,1,0
1.18,1.72,1.67,6.4,72.3,3.51,2,1,1
3.53,3.2,3.25,4.0,82.8,3.81,2,1,0
1.3,1.75,1.76,6.1,91.7,1.73,3,0,1
1.6,1.64,1.68,6.0,71.9,4.23,1,1,1
1.71,1.64,1.69,7.6,77.7,4.56,5,0,1
3.43,3.71,3.64,8.0,78.8,3.29,2,1,0
3.12,2.79,2.8,5.1,93.8,2.0,4,0,0
2.11,2.58,2.53,5.3,68.2,6.01,2,0,1
4.0,3.9,3.86,4.2,77.3,3.33,3,0,0
3.61,3.44,3.44,4.7,76.5,5.78,2,1,0
0.4,0.44,0.34,6.9,98.0,4.41,2,1,1
1.86,1.78,1.86,4.9,85.8,1.3,1,0,0
2.74,3.02,3.08,5.1,76.2,4.0,3,1,0
2.72,2.63,2.6,6.0,87.8,2.07,0,1,0
0.0,0.13,0.13,8.1,74.2,1.62,0,0,1
3.16,3.44,3.4,6.3,70.0,4.31,3,0,0
1.75,1.95,1.99,6.4,88.1,3.87,5,1,1
3.48,3.46,3.46,5.6,78.9,4.69,1,0,1
4.0,3.86,3.91,5.4,80.2,3.35,1,0,0
3.09,3.09,3.09,6.7,75.2,2.87,3,0,1
1.97,2.08,2.04,3.3,96.6,4.02,1,0,0
2.54,2.28,2.31,4.3,74.6,2.17,3,0,0
3.5,3.53,3.57,3.7,75.4,3.25,3,0,0
1.71,2.08,2.06,5.4,77.3,3.58,3,1,0
1.77,1.76,1.76,9.0,81.0,2.89,1,0,1
2.05,2.01,2.06,3.7,75.0,4.04,2,0,1
0.1,0.26,0.26,5.6,76.1,1.45,1,0,1
2.71,2.99,2.99,4.7,85.5,5.61,0,0,0
2.45,2.15,2.17,4.7,72.0,2.57,2,0,1
1.46,1.51,1.51,1.9,74.1,5.65,2,1,1
3.24,3.71,3.73,3.1,87.7,4.74,1,1,0
2.15,2.25,2.22,6.7,82.4,4.76,4,1,0
1.85,2.11,2.11,7.0,78.0,3.4,2,0,0
3.62,3.39,3.39,3.9,89.7,5.41,0,1,0
1.8,1.46,1.46,4.9,67.2,2.73,1,1,1
2.68,2.55,2.55,4.7,80.3,1.26,2,0,0
1.53,1.48,1.48,6.0,87.8,3.39,3,0,1
3.2,3.64,3.65,4.9,81.6,4.99,0,0,0
2.97,3.37,3.38,6.8,88.6,2.11,3,1,0
1.33,1.17,1.17,3.9,74.2,4.39,4,0,1
0.0,0.0,0.0,10.0,71.5,1.59,1,1,1
1.32,1.0,1.02,2.5,76.3,3.8,2,0,1
0.75,0.29,0.25,2.5,78.9,1.05,3,1,0
0.15,0.44,0.45,5.4,80.3,2.61,0,0,1
0.94,0.33,0.33,8.2,77.5,5.01,1,0,1
1.56,1.5,1.5,6.6,78.0,3.8,1,0,1
1.9,1.46,1.46,7.9,81.9,8.98,1,1,1
0.0,0.13,0.13,5.7,82.4,2.63,2,0,1
0.89,0.89,0.89,6.7,89.2,3.54,3,1,1
2.18,2.58,2.58,6.7,62.5,4.43,0,1,0
2.08,1.88,1.88,4.9,83.6,4.02,0,0,1
2.32,2.1,2.13,6.5,87.3,6.37,7,1,0
2.43,2.95,3.02,1.6,92.8,2.57,0,1,0
2.42,2.66,2.59,1.9,81.1,2.37,2,0,0
0.0,0.0,0.0,5.2,75.1,4.88,0,1,1
2.17,2.25,2.31,5.6,76.9,4.14,2,0,1
1.6,1.95,1.9,7.6,84.5,3.36,1,0,1
2.19,2.56,2.64,5.0,88.9,5.23,2,0,1
1.53,1.57,1.54,6.3,82.2,4.17,4,0,1
1.72,1.4,1.33,6.5,75.7,6.55,1,1,1
3.53,3.38,3.35,3.6,86.4,3.85,2,0,0
1.37,1.66,1.66,5.9,94.8,4.78,2,0,1
0.34,0.72,0.75,7.5,77.7,1.99,4,1,1
2.15,2.62,2.58,6.6,83.9,3.94,2,0,1
2.65,2.55,2.55,8.0,78.5,2.99,4,1,1
1.48,1.87,1.89,4.8,75.1,3.7,2,1,1
1.02,0.69,0.74,6.5,82.8,4.16,2,1,0
0.09,0.0,0.04,6.3,77.6,3.97,1,1,0
1.57,1.39,1.41,6.3,82.2,3.55,0,0,1
1.57,1.5,1.54,3.2,81.9,3.93,1,0,0
3.68,3.81,3.81,5.8,75.8,3.2,2,0,0
1.37,1.84,1.82,3.4,79.3,3.36,1,0,1
2.72,3.13,3.1,6.6,65.8,2.38,3,0,0
1.54,1.68,1.62,6.8,80.4,5.68,4,0,1
2.01,2.61,2.67,5.8,74.8,4.42,1,0,0
0.96,1.44,1.46,7.8,78.3,1.35,2,1,1
2.5,2.5,2.45,6.2,87.7,4.76,2,0,0
1.98,2.08,2.13,4.6,87.9,4.08,2,0,0
0.0,0.56,0.57,5.9,75.8,3.63,3,0,1
3.66,3.43,3.35,4.3,69.2,4.46,3,0,0
1.51,2.02,1.93,3.3,78.1,3.71,1,1,1
0.37,0.4,0.48,5.8,84.5,1.58,2,0,0
2.03,2.61,2.63,6.1,99.6,2.96,2,1,0
0.38,0.2,0.26,7.5,77.4,3.58,3,0,0
2.19,1.93,1.96,6.1,77.7,3.99,1,0,1
2.4,2.67,2.66,4.5,80.0,4.59,1,1,0
2.14,1.88,1.85,6.7,73.7,7.07,2,0,0
1.66,2.03,2.05,3.6,83.4,3.89,2,0,0
0.0,0.07,0.11,7.2,75.1,3.95,0,0,1
3.1,3.26,3.26,4.8,83.9,4.03,1,0,0
1.77,1.92,1.96,5.9,77.0,3.23,0,0,0
2.11,2.43,2.42,4.1,78.4,3.83,2,1,1
1.34,1.08,1.08,7.9,69.0,2.19,2,0,0
1.73,2.11,2.11,6.0,86.6,5.64,2,0,1
4.0,4.0,4.0,7.1,76.0,4.7,0,0,1
3.76,3.44,3.37,3.3,75.2,4.93,2,1,0
4.0,3.89,3.96,5.5,92.5,5.31,1,1,1
1.33,1.71,1.76,8.1,77.0,2.81,1,0,1
2.29,2.75,2.75,7.4,72.9,5.83,3,0,1
3.02,2.88,2.9,6.1,86.4,5.32,0,0,0
4.0,3.56,3.59,4.6,96.9,4.17,2,1,0
2.23,1.87,1.93,2.8,72.6,2.74,2,1,0
2.33,2.39,2.39,5.7,80.2,1.54,1,1,1
1.4,0.83,0.83,4.6,82.1,2.18,1,0,1
1.61,1.65,1.63,5.8,69.3,5.09,0,0,0
2.06,1.81,1.83,8.6,89.8,4.96,0,1,1
0.52,0.07,0.04,8.4,72.4,4.26,4,1,1
4.0,4.0,3.98,4.0,85.2,6.99,1,0,0
2.7,2.7,2.7,7.0,75.8,1.62,5,1,1
1.52,1.35,1.35,7.6,82.4,5.76,0,0,1
0.83,0.5,0.54,5.0,92.4,3.95,2,0,1
0.0,0.0,0.0,7.8,68.9,4.61,2,0,1
1.61,2.0,1.95,8.2,75.2,2.68,2,0,0
3.07,3.08,3.04,3.5,80.9,4.46,2,0,0
1.1,1.08,1.16,7.5,82.5,5.09,3,1,1
2.1,2.45,2.49,5.5,74.4,3.93,1,1,1
1.84,1.7,1.7,5.5,84.0,3.42,2,0,0
0.2,0.0,0.0,6.4,69.7,3.93,1,0,1
2.0,1.91,1.91,5.3,78.4,5.16,4,0,1
3.29,3.45,3.45,4.1,65.4,3.62,5,1,1
2.01,2.5,2.48,4.3,81.7,3.11,5,0,0
0.0,0.08,0.03,9.1,76.9,4.88,1,0,1
1.22,1.54,1.54,7.3,70.3,5.63,4,0,1
0.0,0.0,0.0,7.1,72.1,5.85,3,1,1
1.51,1.42,1.51,5.2,85.8,2.25,1,0,0
0.75,0.5,0.5,8.2,76.8,5.01,2,0,1
0.0,0.0,0.0,8.5,67.5,3.57,1,0,1
1.96,2.11,2.17,6.4,82.5,5.16,2,0,0
0.63,0.96,0.92,5.6,74.3,4.33,2,0,1
2.03,1.44,1.39,10.0,82.5,3.99,0,1,1
2.38,2.13,2.13,5.2,78.2,4.73,0,1,0
2.06,2.21,2.13,6.9,72.2,4.54,2,1,1
3.13,3.41,3.43,7.4,72.1,5.82,3,1,1
2.79,3.09,3.09,5.3,82.2,4.45,0,1,0
2.04,2.07,2.08,2.8,68.5,3.26,3,0,0
0.55,1.0,1.0,7.6,73.0,1.67,2,0,1
3.93,3.98,3.98,2.9,83.6,5.35,0,0,0
2.04,1.75,1.75,9.2,84.6,6.51,1,1,1
2.14,2.09,2.09,2.9,80.1,4.86,2,0,0
1.99,1.6,1.52,5.3,79.7,3.83,3,1,1
3.04,2.69,2.71,5.7,89.7,4.1,2,0,0
1.16,1.42,1.42,8.8,85.7,4.51,2,1,1
3.0,3.45,3.53,6.2,75.6,4.17,1,0,0
3.68,3.45,3.35,5.4,66.4,7.41,3,0,1
2.19,2.33,2.33,4.8,76.7,5.46,1,0,0
2.36,2.24,2.32,6.2,82.8,4.78,0,0,0
1.05,1.0,1.02,4.6,66.3,0.96,2,1,0
1.87,2.28,2.3,5.0,86.7,1.78,1,1,1
0.87,0.89,0.92,6.2,78.7,3.3,2,0,1
1.72,1.98,1.92,7.0,76.3,5.16,5,1,1
0.89,1.23,1.22,6.2,82.8,2.44,4,0,1
1.79,1.55,1.52,5.8,72.6,4.05,0,1,1
2.21,2.63,2.61,5.9,71.3,5.39,1,1,0
0.0,0.16,0.23,8.2,74.0,3.09,3,0,1
3.41,3.57,3.57,5.9,94.9,3.0,2,0,0
2.63,2.57,2.57,4.7,74.1,4.0,3,1,0
1.04,0.36,0.39,5.5,82.6,2.24,3,1,1
2.24,2.31,2.32,4.5,78.1,1.23,0,0,0
1.28,1.74,1.76,5.0,92.4,1.35,2,0,1
3.2,3.1,3.14,2.5,84.1,3.47,1,1,0
1.92,1.86,1.86,6.5,66.5,4.74,0,1,0
2.29,2.59,2.59,4.4,97.5,2.85,2,1,0
1.05,1.2,1.18,6.0,76.3,4.11,2,0,0
3.1,2.88,2.88,5.5,88.8,3.79,2,0,0
2.29,2.21,2.22,5.8,96.3,2.59,0,1,0
0.0,0.26,0.27,7.6,77.4,3.57,1,0,1
1.97,1.87,1.87,6.1,80.6,3.26,2,1,1
3.63,4.0,3.94,4.5,93.7,8.47,1,1,0
1.45,1.92,1.92,5.9,94.4,4.06,1,0,0
2.88,2.73,2.66,8.5,98.5,2.1,0,1,1
1.19,1.85,1.83,7.6,94.5,2.8,2,0,1
2.63,3.01,2.91,5.5,76.6,6.38,0,1,0
2.48,2.34,2.39,8.6,98.0,3.32,0,1,0
1.28,0.82,0.79,7.0,75.0,5.28,1,0,1
0.09,0.31,0.31,4.4,76.5,2.66,3,1,1
1.71,1.74,1.72,5.7,80.2,2.66,0,0,0
2.6,2.59,2.63,8.3,73.8,3.62,2,0,1
4.0,3.79,3.82,2.6,71.4,3.26,1,1,0
3.35,2.81,2.81,3.2,87.4,1.29,1,1,0
1.9,1.86,1.83,3.9,73.0,2.73,3,0,1
0.0,0.0,0.05,7.0,71.4,3.21,0,0,1
3.16,3.2,3.2,6.9,85.7,5.79,0,0,0
0.37,0.0,0.0,7.6,78.7,4.25,2,1,1
1.94,1.52,1.52,9.1,83.5,4.47,5,0,1
2.4,2.39,2.36,6.0,73.0,4.18,0,0,1
3.33,3.9,3.87,2.7,82.6,7.32,3,0,0
4.0,3.74,3.7,3.5,86.2,5.05,0,0,0
2.49,2.47,2.48,3.7,88.9,2.61,1,0,0
1.75,1.86,1.83,5.2,79.7,3.83,1,0,0
0.02,0.0,0.0,3.1,74.0,2.44,2,1,1
1.01,1.46,1.46,6.4,88.2,3.25,0,1,1
0.0,0.36,0.36,10.0,76.8,4.09,2,0,1
0.42,0.21,0.21,8.0,79.8,4.79,0,1,0
2.57,2.98,2.95,4.0,80.3,5.1,3,0,1
0.89,0.91,0.8,5.6,87.0,3.57,1,1,0
3.47,3.6,3.62,3.8,76.9,5.35,4,0,0
0.72,0.61,0.6,6.7,83.2,3.51,0,0,1
3.06,3.67,3.67,6.4,85.6,5.11,0,0,0
2.91,2.87,2.92,5.0,79.7,3.76,0,1,0
3.53,2.99,2.99,3.6,90.6,1.8,2,0,0
0.47,0.73,0.71,6.6,86.6,4.78,1,1,1
1.23,1.15,1.15,8.1,66.1,2.93,2,0,0
1.29,1.07,1.05,4.8,72.2,5.67,1,0,1
2.35,2.04,2.13,5.4,87.6,1.78,6,0,1
1.32,1.1,1.15,4.2,73.2,3.11,2,1,0
2.26,2.69,2.62,4.4,81.7,3.98,0,0,0
0.74,1.0,0.96,7.0,89.4,4.3,2,0,1
1.98,1.65,1.61,6.0,77.0,4.23,2,1,0
0.0,0.0,0.05,5.8,71.6,3.65,2,0,1
1.48,1.59,1.65,5.0,81.4,3.64,3,0,1
1.31,0.82,0.78,10.0,78.6,5.47,2,0,0
2.84,3.57,3.57,6.8,79.0,5.93,1,0,0
1.35,1.54,1.53,8.5,67.6,3.81,2,0,1
2.94,2.97,3.02,3.2,82.4,2.79,3,1,0
2.76,3.25,3.14,6.6,82.7,8.3,2,0,0
2.7,2.65,2.62,5.9,76.3,4.61,1,1,0
2.41,2.52,2.54,6.9,87.5,3.88,1,1,1
4.0,4.0,3.98,4.1,69.9,6.03,1,0,0
2.56,2.71,2.68,3.8,73.0,4.73,2,1,0
1.79,1.81,1.76,5.4,74.7,2.86,1,1,0
2.17,1.8,1.8,5.8,73.7,1.34,3,0,0
0.46,0.18,0.18,5.9,82.0,1.5,0,1,1
0.64,0.48,0.45,6.9,74.5,3.46,3,1,1
3.03,3.24,3.29,5.0,89.3,2.44,2,1,1
1.68,1.22,1.26,6.9,84.1,4.55,4,0,1
1.12,0.63,0.7,7.7,79.9,2.68,1,1,1
1.31,1.03,1.03,7.2,74.8,4.68,0,1,1
0.42,0.57,0.57,7.4,78.8,2.79,2,0,1
0.12,0.0,0.0,6.7,77.6,4.29,1,0,1
3.4,2.71,2.69,2.5,73.0,3.17,2,1,0
1.01,0.8,0.8,5.9,81.2,4.13,1,1,0
2.84,3.36,3.3,2.1,88.5,4.2,3,1,0
2.52,2.77,2.77,5.5,86.4,3.11,3,0,0
2.73,2.41,2.35,3.5,90.3,4.2,1,0,0
3.79,3.78,3.78,6.0,81.9,5.71,1,0,0
2.7,2.18,2.18,4.0,86.2,3.13,0,1,0
1.71,1.45,1.43,9.6,90.6,4.23,0,0,1
2.25,2.46,2.46,5.4,78.8,3.52,3,1,0
0.39,0.2,0.18,8.4,68.2,4.73,1,1,1
0.99,0.37,0.32,6.7,81.0,3.06,3,0,0
1.33,1.37,1.39,6.0,85.6,3.52,1,0,0
1.3,1.78,1.77,5.8,69.8,3.95,4,1,1
2.62,3.07,3.17,4.5,74.3,5.02,2,0,1
0.78,0.77,0.84,4.8,86.7,3.39,2,0,1
4.0,3.77,3.8,1.6,88.7,2.99,1,1,0
0.6,0.34,0.34,7.0,87.7,3.07,1,0,1
2.25,1.94,1.92,4.5,79.1,3.77,0,0,0
1.71,1.81,1.8,5.8,78.4,5.68,3,1,1
2.98,2.93,2.93,1.7,92.4,1.11,2,0,0
2.01,2.33,2.41,6.3,86.1,4.15,2,0,0
3.0,3.13,3.23,7.0,95.6,4.7,1,0,0
1.18,0.94,0.9,7.7,77.1,4.32,2,1,1
0.12,0.37,0.32,5.6,74.7,4.02,3,1,1
2.06,2.39,2.44,3.7,73.8,3.87,2,1,1
1.09,0.78,0.8,8.2,88.6,5.17,3,0,1
3.13,3.34,3.4,4.1,93.4,3.93,2,0,0
1.6,1.52,1.52,7.4,83.4,2.31,2,1,0
2.08,2.3,2.27,3.1,82.4,2.96,1,0,0
0.51,0.59,0.63,8.4,76.9,2.88,3,0,1
2.48,2.39,2.32,5.0,69.4,3.79,1,0,0
3.53,3.56,3.57,5.7,81.4,4.18,1,1,0
2.72,2.54,2.59,5.8,78.6,4.87,2,1,0
1.71,1.72,1.65,7.8,83.3,4.17,1,1,1
1.87,1.9,1.97,5.5,75.2,3.55,2,0,1
2.13,2.01,2.02,4.7,67.9,6.18,1,1,1
1.33,1.37,1.49,8.4,77.2,3.59,1,1,1
2.22,2.67,2.76,4.7,81.1,5.1,2,0,0
0.0,0.09,0.22,10.0,84.7,4.64,2,0,1
4.0,3.95,3.92,1.0,89.3,1.73,1,1,0
1.05,1.08,1.09,6.3,74.2,3.73,4,0,0
0.93,1.41,1.45,9.6,73.4,1.73,3,1,1
0.86,1.29,1.24,6.0,65.4,4.79,1,0,1
2.24,2.38,2.33,8.1,77.4,4.27,3,1,0
1.92,1.79,1.87,3.6,75.4,1.13,1,0,0
2.62,2.73,2.78,5.8,82.0,3.88,4,0,1
3.15,2.95,3.04,3.8,88.9,1.86,1,1,0
1.74,2.15,2.15,8.6,74.3,2.71,3,0,0
2.35,1.49,1.51,4.8,79.0,2.61,2,0,1
3.57,3.68,3.75,6.6,91.0,5.02,2,0,0
0.0,0.1,0.1,6.2,72.6,1.89,0,1,1
0.72,0.87,0.83,6.2,85.1,5.04,1,1,1
2.33,2.27,2.27,5.1,78.0,3.04,2,0,1
2.8,2.98,2.97,5.8,79.5,2.04,1,0,0
1.31,1.22,1.22,7.6,83.3,4.08,4,1,1
3.86,4.0,3.97,5.3,80.7,3.25,3,0,0
1.01,1.27,1.24,5.2,92.5,6.49,3,0,1
2.12,2.04,2.09,8.5,78.2,3.99,0,1,0
2.87,3.53,3.53,7.8,78.3,2.51,3,0,0
4.0,3.62,3.62,4.4,95.7,5.05,1,0,0
1.52,1.22,1.16,5.1,71.5,3.49,2,1,1
2.7,2.68,2.73,2.5,61.8,6.19,3,1,1
1.43,1.1,1.1,8.5,74.6,4.21,0,1,1
3.05,2.7,2.66,2.4,86.1,3.52,1,1,0
4.0,3.83,3.86,3.4,71.4,5.1,2,1,0
2.15,1.99,1.96,4.4,74.3,2.74,0,1,0
0.83,0.92,0.95,6.8,88.9,3.78,0,0,1
2.4,2.6,2.55,6.4,79.6,3.92,0,0,1
2.39,2.3,2.3,6.6,70.9,5.54,0,1,0
3.31,2.71,2.72,3.9,87.6,6.94,4,0,0
2.62,2.62,2.65,4.3,82.2,4.08,0,0,0
2.94,3.23,3.23,5.7,76.9,4.62,4,0,0
0.62,0.54,0.56,8.9,67.8,4.56,7,0,1
3.26,3.33,3.28,7.0,73.0,4.28,0,0,0
3.54,3.51,3.51,2.8,91.7,3.44,1,1,0
2.39,2.51,2.48,7.0,78.3,2.7,1,0,1
4.0,4.0,3.98,2.7,93.9,2.63,1,0,0
0.41,0.63,0.61,7.2,63.1,3.44,1,0,1
1.15,0.92,0.9,4.4,82.4,2.87,1,1,1
4.0,3.85,3.86,5.2,89.6,6.94,2,1,0
2.4,2.08,2.06,3.7,81.8,1.75,1,0,0
1.46,0.73,0.67,5.0,77.2,2.87,3,1,0
4.0,3.84,3.82,3.5,93.6,5.18,4,0,1
2.49,2.35,2.32,7.2,76.8,5.21,1,0,1
3.66,3.29,3.29,4.5,72.8,5.46,1,0,0
1.2,0.91,0.94,6.4,78.2,2.11,4,1,1
3.76,3.22,3.11,3.6,77.7,3.52,2,0,0
2.24,2.28,2.26,5.5,83.1,3.66,1,0,0
2.46,2.56,2.56,2.3,90.5,3.83,1,1,0
2.62,2.53,2.53,8.7,100.0,2.8,2,1,0
2.72,2.54,2.54,3.2,77.9,3.78,4,0,1
2.19,1.99,2.04,7.5,78.1,5.48,2,0,1
1.64,1.99,1.99,8.3,100.0,4.6,1,1,0
0.0,0.0,0.0,8.5,71.1,2.36,3,0,1
0.58,0.78,0.7,5.8,79.5,5.2,3,1,1
0.57,0.57,0.57,6.6,92.9,3.98,1,1,1
1.55,1.17,1.17,7.7,80.3,4.91,2,0,1
3.05,3.64,3.63,3.1,89.5,5.26,2,0,1
2.21,2.14,2.14,6.3,70.1,5.43,2,0,0
2.41,2.15,2.19,4.5,79.6,5.21,1,1,1
0.77,0.92,0.98,6.6,54.8,4.46,3,0,1
2.06,1.8,1.8,6.5,81.6,4.32,1,0,1
2.64,3.08,3.05,5.0,81.4,4.71,1,1,0
1.52,1.53,1.53,4.7,94.4,2.84,2,0,0
0.61,0.61,0.66,8.2,70.3,4.22,0,1,1
4.0,4.0,3.99,6.1,85.2,4.18,2,1,0
2.87,2.71,2.68,3.3,79.0,3.2,1,0,0
2.21,1.7,1.66,7.8,82.0,3.17,0,1,1
1.1,1.02,1.0,4.6,83.3,0.79,2,1,1
1.83,1.83,1.78,8.2,73.2,3.06,1,1,1
2.88,2.33,2.41,5.8,88.6,3.11,1,0,0
1.59,1.52,1.44,5.1,67.1,3.5,4,1,1
2.07,1.84,1.79,6.9,82.8,4.87,3,0,0
3.34,3.37,3.35,5.2,77.9,3.84,0,0,0
2.22,1.89,1.89,6.9,93.0,5.63,2,1,1
2.32,2.31,2.31,6.8,85.5,5.63,3,1,0
2.97,2.86,2.86,6.3,95.5,5.09,4,0,0
1.49,1.63,1.74,6.7,75.1,4.16,4,0,1
1.28,1.69,1.69,7.8,66.7,3.98,1,0,0
1.12,0.95,0.95,5.9,80.8,3.94,1,1,1
3.59,3.91,3.98,8.0,87.9,6.14,6,0,1
0.0,0.0,0.0,3.4,68.0,2.88,2,0,1
1.47,1.27,1.27,6.8,83.6,4.23,3,0,1
2.4,2.23,2.2,8.9,81.1,4.91,0,1,1
0.77,0.58,0.55,6.0,72.6,4.98,2,0,1
1.82,1.78,1.71,9.1,71.8,3.17,0,0,0
0.63,0.71,0.68,8.1,76.6,3.94,0,1,1
3.11,3.37,3.34,3.7,88.9,4.9,2,1,0
1.29,1.56,1.56,5.8,78.3,3.41,2,1,0
2.86,3.22,3.2,6.5,72.1,3.89,4,0,0
0.05,0.0,0.05,7.8,73.5,3.44,4,0,1
3.8,3.89,3.89,6.0,88.3,5.23,2,0,0
0.79,0.83,0.83,5.9,90.4,1.89,5,0,1
3.31,3.18,3.18,8.2,79.5,3.7,2,0,0
0.69,0.59,0.59,3.4,83.2,2.26,2,1,1
0.92,0.3,0.3,4.2,70.4,1.98,1,0,0
4.0,4.0,4.0,6.1,87.9,2.82,2,1,0
3.29,3.41,3.46,4.5,75.5,6.24,4,0,0
4.0,3.95,3.99,5.1,77.3,5.87,2,0,0
2.45,2.55,2.55,5.4,74.8,5.51,1,0,0
3.04,2.57,2.57,8.2,75.3,3.9,0,0,0
1.96,1.85,1.87,4.5,70.4,5.87,2,0,1
1.46,1.76,1.8,6.6,78.0,4.26,2,1,1
2.14,2.08,2.11,7.8,83.4,3.58,1,0,0
1.72,1.4,1.41,3.8,76.6,3.08,2,0,0
0.87,0.39,0.38,6.9,69.6,4.96,2,1,1
2.46,2.53,2.41,7.5,82.3,3.93,1,1,0
2.27,2.72,2.79,5.6,84.8,2.45,2,0,0
1.6,1.3,1.3,3.0,88.6,3.82,2,0,1
2.52,2.59,2.63,4.0,77.7,3.27,1,0,0
3.48,3.68,3.6,2.8,88.3,2.72,0,1,0
2.04,2.13,2.21,4.5,92.3,3.93,1,0,1
2.82,3.32,3.28,5.4,86.2,4.26,2,1,0
2.72,2.37,2.37,8.6,75.7,4.28,4,0,0
4.0,3.67,3.67,1.0,74.3,5.7,2,0,0
0.71,0.44,0.47,9.6,87.3,4.01,1,1,1
1.38,1.58,1.58,5.7,81.1,3.15,1,0,1
0.99,0.4,0.4,7.2,84.0,2.75,3,0,1
2.56,2.15,2.21,3.2,96.1,3.82,1,1,1
3.47,3.38,3.37,6.0,93.2,3.68,2,1,0
0.0,0.0,0.0,5.8,76.7,2.61,1,0,1
2.37,2.73,2.74,2.4,97.8,5.36,2,1,0
1.42,1.23,1.17,8.3,90.4,5.83,4,0,0
4.0,3.84,3.84,5.0,80.2,4.1,3,0,0
3.18,3.69,3.68,6.3,71.2,5.11,4,1,0
1.55,1.34,1.37,5.0,83.6,2.58,1,1,1
4.0,3.81,3.81,6.3,85.4,5.6,1,0,0
1.78,1.96,1.98,7.2,63.6,5.5,5,1,1
2.39,2.4,2.35,9.1,70.3,5.24,1,1,1
1.06,1.5,1.5,3.6,64.0,3.86,0,1,1
3.01,3.02,3.02,4.0,79.5,4.45,3,1,0
0.88,1.41,1.49,8.3,94.5,5.58,1,0,1
0.69,0.63,0.58,7.2,80.7,4.26,2,1,1
2.43,2.58,2.58,4.2,76.2,4.49,2,1,0
1.43,1.33,1.3,7.3,70.4,2.58,1,0,1
1.56,2.17,2.17,4.1,63.4,2.9,5,0,1
2.24,1.93,1.94,7.2,85.1,5.93,0,1,0
2.07,1.57,1.57,6.2,74.2,3.59,0,1,1
1.12,1.04,0.94,5.4,69.4,2.86,4,0,1
2.95,2.65,2.63,7.3,86.0,4.37,1,0,1
3.58,3.67,3.73,2.8,84.6,2.55,1,1,0
1.62,1.07,1.07,6.4,86.2,3.91,3,1,1
1.09,0.37,0.44,8.2,71.6,3.37,2,0,1
1.48,1.28,1.28,8.2,75.0,5.01,4,0,1
1.96,1.84,1.79,4.9,72.5,2.64,4,1,1
1.53,1.44,1.46,4.7,88.1,2.91,0,0,0
2.36,2.62,2.62,6.3,73.3,5.24,3,0,1
2.11,2.09,2.09,4.5,95.0,4.03,3,1,1
2.03,2.3,2.3,2.9,67.5,0.5,2,0,0
2.26,2.43,2.42,3.4,79.0,3.21,0,0,0
3.08,3.15,3.18,2.4,88.8,4.38,2,1,0
2.59,2.76,2.73,6.9,68.0,3.53,3,0,0
2.93,2.77,2.77,4.6,81.7,5.65,2,0,0
1.4,1.73,1.7,5.2,78.7,4.07,1,1,0
2.11,1.83,1.81,6.9,87.5,3.31,4,1,1
1.39,1.32,1.32,7.5,75.4,2.73,1,0,1
0.48,0.38,0.38,6.3,88.7,2.29,4,0,1
0.89,0.99,0.97,6.7,94.5,1.57,3,0,1
1.9,2.11,2.16,6.2,65.7,5.49,4,0,1
2.76,2.73,2.66,3.1,71.5,2.91,1,1,0
1.93,1.73,1.67,5.4,77.5,4.95,1,0,1
0.73,0.46,0.47,9.1,89.5,3.87,1,1,1
1.02,0.81,0.81,8.5,75.7,3.9,3,0,1
0.36,0.57,0.57,7.7,82.4,3.46,2,1,1
0.0,0.86,0.86,8.8,64.9,3.41,3,1,1
2.4,2.51,2.54,5.3,95.8,2.33,0,0,0
1.93,2.06,1.99,6.7,81.7,4.65,1,1,0
2.02,1.7,1.74,6.9,86.4,3.45,3,1,1
3.61,3.9,3.9,3.1,94.2,3.23,2,0,0
3.68,3.24,3.23,4.9,85.5,4.41,1,1,0
3.65,3.08,3.15,2.7,72.7,4.58,1,0,0
0.0,0.0,0.0,8.5,88.7,2.74,2,1,1
4.0,4.0,4.0,4.3,96.6,6.19,1,0,1
1.19,1.4,1.4,3.4,77.2,4.09,5,0,1
0.48,0.65,0.76,6.9,65.8,5.42,4,1,1
1.42,1.95,1.96,9.2,70.9,5.92,5,0,1
0.92,0.77,0.77,5.4,69.8,3.51,3,0,0
3.87,4.0,4.0,4.6,80.3,2.76,0,1,0
0.14,0.19,0.16,4.9,66.7,3.5,1,1,1
1.21,1.0,1.06,6.0,84.2,4.78,1,0,1
0.0,0.15,0.15,8.0,85.2,2.37,6,1,1
2.42,2.55,2.55,4.5,71.4,2.52,1,1,0
1.23,1.01,1.01,5.8,69.5,5.94,4,0,0
1.56,1.91,1.91,7.8,82.2,2.71,1,0,0
3.45,3.22,3.2,3.8,91.8,3.6,1,0,0
1.5,1.72,1.75,6.1,79.7,5.05,1,0,0
1.57,1.36,1.36,8.5,76.3,3.41,0,1,1
2.66,2.97,2.97,6.0,77.5,3.83,2,1,0
1.53,1.04,1.05,5.3,83.0,2.35,1,0,1
2.1,2.04,2.04,8.1,79.2,6.78,1,1,0
3.44,3.39,3.47,4.7,76.3,8.82,2,0,0
1.73,1.91,1.91,8.3,69.4,3.7,1,0,1
1.1,1.22,1.24,9.3,74.1,3.87,0,0,1
1.24,1.7,1.7,7.2,86.8,5.77,3,0,1
2.91,3.49,3.42,4.7,86.2,4.98,2,0,0
3.92,4.0,4.0,4.9,57.9,3.95,4,0,0
1.57,1.84,1.83,7.9,87.5,3.14,3,0,1
1.31,0.65,0.63,4.7,86.0,2.25,3,0,1
2.78,2.59,2.59,6.7,80.9,5.05,3,1,0
2.02,1.62,1.7,8.4,83.6,2.84,1,0,1
0.0,0.0,0.0,6.2,73.6,2.43,4,0,1
1.16,1.08,1.08,3.8,73.3,3.65,3,0,1
3.63,3.82,3.76,3.8,83.4,2.61,2,0,0
3.36,3.29,3.23,7.4,79.1,7.75,1,0,0
0.28,0.71,0.71,6.2,66.5,3.8,1,1,1
4.0,3.67,3.71,2.1,71.6,4.32,0,0,0
3.18,3.11,3.11,4.2,89.9,2.29,3,0,0
1.5,1.47,1.45,6.7,81.5,5.45,3,0,1
2.46,2.17,2.17,6.8,77.5,6.19,1,0,1
0.55,0.46,0.46,6.7,79.2,2.13,2,1,0
3.24,3.16,3.02,6.5,92.1,3.41,2,0,1
2.32,2.3,2.35,4.2,78.5,4.86,2,1,0
1.39,1.29,1.35,4.6,70.2,3.68,1,1,0
1.57,1.35,1.35,6.8,82.8,3.45,3,1,1
0.59,1.21,1.19,6.1,76.8,3.58,3,0,1
2.92,3.03,3.03,4.9,81.0,2.15,2,0,1
4.0,4.0,4.0,2.8,84.9,3.97,1,0,0
1.51,1.86,1.8,7.5,69.9,1.91,1,1,1
2.73,2.79,2.8,5.8,93.0,3.25,0,0,0
1.54,1.64,1.64,7.5,75.7,2.97,1,0,1
2.22,1.75,1.68,4.3,72.4,4.17,2,0,0
0.0,0.0,0.01,5.6,78.9,3.35,1,0,1
0.39,0.0,0.08,9.2,80.8,4.8,2,1,1
2.54,2.74,2.81,2.4,76.1,2.93,1,0,0
1.78,2.19,2.19,3.1,86.3,5.67,2,1,0
0.35,0.0,0.0,4.2,72.8,3.1,0,0,1
1.54,1.44,1.41,5.2,90.5,2.07,1,0,0
0.71,0.05,0.13,5.5,73.3,2.91,3,1,1
3.76,3.84,3.85,4.3,93.1,2.42,1,0,0
3.72,3.72,3.75,7.1,78.9,3.95,2,0,0
2.4,2.57,2.67,7.2,74.2,2.24,1,1,1
1.52,1.54,1.54,6.0,69.6,3.19,1,0,1
0.41,0.0,0.0,5.4,82.0,3.52,2,1,1
2.5,2.56,2.52,7.1,82.4,3.89,2,0,1
1.3,1.21,1.21,4.7,94.8,3.45,3,1,1
2.48,2.06,2.01,5.1,80.2,5.63,3,0,1
2.08,2.59,2.6,5.8,71.3,6.62,0,0,1
1.72,1.38,1.4,6.1,71.7,2.54,3,1,1
0.45,0.36,0.32,9.2,82.1,3.53,4,1,1
4.0,3.57,3.54,7.3,86.4,3.11,3,1,0
1.47,1.62,1.69,9.0,77.9,5.38,2,1,1
1.06,0.81,0.8,5.4,72.8,4.53,2,1,1
1.81,1.91,1.96,7.1,77.3,6.96,3,0,0
2.16,2.41,2.41,6.5,77.6,2.36,3,0,1
2.94,3.0,2.97,7.9,90.9,4.99,1,0,1
1.97,2.25,2.33,7.1,71.3,5.46,1,0,0
0.72,0.19,0.21,7.4,80.8,4.46,4,0,1
1.58,1.93,1.92,7.3,78.2,5.49,2,0,0
0.0,0.0,0.0,10.0,81.9,1.93,0,0,1
2.65,2.78,2.81,3.3,83.5,4.53,4,1,1
1.28,1.2,1.19,6.8,68.0,4.3,2,0,1
4.0,4.0,3.93,1.5,88.6,2.28,1,1,0
1.0,1.57,1.5,8.6,80.4,3.09,3,0,1
2.97,2.81,2.81,4.6,84.8,4.7,1,0,1
3.89,4.0,4.0,6.7,81.2,3.62,1,1,0
1.9,1.25,1.18,6.9,76.5,3.0,1,1,1
0.4,0.59,0.59,6.4,68.8,3.7,2,1,0
1.23,1.36,1.36,5.9,77.7,3.12,2,0,1
3.69,3.57,3.55,4.2,96.4,3.5,0,0,0
2.79,2.51,2.56,3.5,75.0,3.83,1,0,0
3.44,3.57,3.51,4.0,83.2,2.11,1,1,0
2.55,2.32,2.32,6.6,68.4,5.88,2,1,1
2.1,2.2,2.2,5.5,76.1,2.27,0,0,1
2.53,2.45,2.4,3.7,90.0,2.73,0,0,1
3.05,2.65,2.65,4.1,80.8,2.13,4,1,0
1.43,1.42,1.37,6.3,80.7,2.25,1,0,0
1.52,2.32,2.34,6.7,78.9,4.85,2,1,1
1.27,0.81,0.82,7.8,74.7,3.36,2,1,1
1.93,2.19,2.19,3.9,74.1,5.81,4,1,0
1.65,2.03,2.03,9.7,85.3,4.58,1,0,1
4.0,3.78,3.85,1.0,99.4,4.93,1,0,0
2.68,2.67,2.66,8.0,87.8,6.22,4,0,1
1.42,1.26,1.27,5.1,75.0,4.44,1,1,1
0.48,0.61,0.63,8.9,85.2,4.19,0,0,1
0.86,0.72,0.72,7.5,70.1,3.04,1,1,1
4.0,3.64,3.65,1.8,84.1,2.85,1,0,0
1.85,2.05,2.08,5.1,79.5,3.79,1,0,0
2.39,2.46,2.48,8.5,80.9,5.8,3,1,0
1.61,1.36,1.38,6.1,85.9,1.51,1,1,0
1.07,1.48,1.44,9.0,82.1,3.2,3,0,1
1.45,1.22,1.19,6.0,90.3,3.6,1,0,1
0.14,0.17,0.17,6.7,74.9,2.74,0,1,1
3.16,2.91,2.91,2.4,87.2,4.11,3,1,0
0.0,0.0,0.0,5.3,74.8,2.49,1,1,0
0.59,0.2,0.23,4.5,76.7,0.5,0,0,1
1.3,1.19,1.19,6.4,89.6,3.28,5,0,1
0.53,0.44,0.42,5.6,84.8,1.51,0,1,1
0.01,0.0,0.01,8.3,89.3,2.99,2,0,1
2.6,2.47,2.47,3.1,74.8,3.18,4,1,0
1.15,1.74,1.7,5.0,84.7,5.84,3,1,1
2.77,2.79,2.82,6.0,76.0,5.4,2,0,1
2.24,1.94,1.97,5.4,62.1,6.13,0,0,1
0.0,0.46,0.43,9.3,81.3,2.95,0,0,1
1.84,1.32,1.32,4.3,71.8,4.15,0,0,0
3.75,3.43,3.43,4.9,90.0,4.19,5,0,1
0.0,0.0,0.0,6.2,68.3,2.79,1,1,1
2.98,3.74,3.74,5.6,92.1,4.49,1,1,0
3.01,2.89,2.95,8.8,86.8,3.07,2,0,0
2.42,2.61,2.55,3.1,80.3,1.95,0,0,1
2.97,2.73,2.73,3.9,63.7,4.37,2,0,0
2.97,2.89,2.91,4.6,82.6,4.4,2,1,1
1.73,1.9,1.92,6.5,81.2,4.08,0,1,0
2.86,3.02,3.06,6.2,84.4,3.34,2,1,0
2.61,2.44,2.44,7.9,77.8,3.76,4,1,1
2.34,2.11,2.08,3.9,67.7,5.65,2,0,1
3.77,3.29,3.31,2.5,84.5,4.81,1,0,0
1.04,1.28,1.25,7.8,76.2,4.65,2,1,1
1.41,1.35,1.36,5.6,72.8,4.92,1,0,1
1.23,0.74,0.75,5.4,74.9,0.91,2,0,1
0.87,1.19,1.19,9.1,89.9,4.68,2,0,1
1.57,1.74,1.74,7.4,74.4,4.48,5,1,1
0.45,0.56,0.56,6.8,76.8,3.94,3,0,1
3.3,3.21,3.16,5.4,87.7,3.37,2,1,0
2.54,2.38,2.4,6.0,83.6,6.18,2,0,0
2.69,2.81,2.81,6.0,89.2,4.82,3,0,0
2.29,2.05,2.05,3.5,83.3,5.26,3,0,0
1.28,1.36,1.37,5.4,75.4,4.04,3,0,0
3.4,3.67,3.67,3.8,84.2,3.28,2,0,0
2.55,2.71,2.66,5.1,78.9,4.87,3,0,0
3.89,4.0,4.0,4.4,89.1,6.2,4,1,0
1.64,1.44,1.4,2.7,65.1,3.01,1,0,1
2.99,2.81,2.73,6.0,87.7,3.34,2,1,0
2.26,2.08,2.18,6.7,72.6,5.66,2,1,1
1.43,1.4,1.29,3.7,84.2,4.01,2,0,1
1.75,2.39,2.46,5.7,82.2,5.73,1,1,0
0.05,0.43,0.35,8.1,86.2,2.62,3,1,0
2.36,2.38,2.4,5.6,88.4,4.97,1,0,0
3.76,3.78,3.86,7.9,79.4,4.65,1,0,0
1.28,1.19,1.2,5.9,62.2,7.12,1,0,0
2.57,2.87,2.93,5.8,96.3,4.46,5,1,0
3.72,3.45,3.45,5.4,88.5,1.55,0,1,0
1.7,1.23,1.26,7.8,77.9,3.58,1,1,0
1.55,1.62,1.66,3.8,87.6,6.36,1,0,0
2.02,2.18,2.24,2.8,72.4,4.84,3,0,0
0.83,0.15,0.16,5.1,69.7,3.33,1,0,1
2.16,2.02,2.08,6.7,86.8,2.38,2,1,0
2.18,2.12,2.15,6.2,89.3,4.9,2,1,0
1.38,1.48,1.45,7.6,84.6,2.52,0,1,1
2.62,2.45,2.45,6.4,88.7,2.07,2,0,1
2.87,2.88,2.88,6.6,95.2,4.56,1,0,1
1.72,1.65,1.7,3.7,85.4,2.34,2,0,0
0.12,0.28,0.27,5.7,73.9,3.64,2,1,1
2.35,2.33,2.33,3.5,75.5,3.41,1,0,0
2.95,2.89,2.89,4.8,76.7,3.71,2,0,0
1.93,1.64,1.64,3.1,83.7,2.57,0,1,0
1.98,1.73,1.73,7.0,77.0,2.41,3,0,1
3.03,2.94,2.94,7.4,83.7,4.37,0,0,0
1.28,1.15,1.17,6.5,78.8,6.03,0,0,1
2.13,2.03,1.95,8.0,91.6,3.81,0,1,0
1.62,2.02,2.09,6.8,76.7,3.46,0,0,0
1.59,1.56,1.56,8.4,72.2,3.52,3,0,1
0.64,0.51,0.5,4.5,81.9,2.5,4,1,1
0.83,0.27,0.27,6.6,87.5,0.62,2,0,0
1.53,1.69,1.69,6.2,84.4,2.93,1,1,0
1.61,1.56,1.56,7.3,84.9,3.53,1,0,0
2.15,2.45,2.49,6.1,83.2,4.38,2,0,1
1.78,1.99,1.99,7.6,85.4,4.82,1,0,1
1.87,1.39,1.4,4.4,83.9,3.32,2,1,0
3.53,2.91,2.84,4.4,82.6,4.47,1,1,0
1.99,1.5,1.44,4.0,81.4,4.45,3,0,0
0.92,1.19,1.2,5.2,85.5,4.28,5,1,1
2.11,2.25,2.19,3.4,89.8,4.02,2,1,0
3.66,3.35,3.42,4.7,78.5,6.16,0,0,0
1.59,1.66,1.66,6.2,81.1,2.59,1,0,1
3.9,4.0,4.0,6.7,93.6,5.17,1,1,0
1.32,1.2,1.2,7.3,84.9,6.4,3,0,1
2.69,3.04,2.94,8.8,98.4,4.11,1,0,1
2.88,3.19,3.17,3.0,79.1,3.7,1,1,0
3.68,3.19,3.19,2.8,81.8,4.66,1,0,0
1.79,1.6,1.53,6.4,82.1,3.69,2,0,1
3.65,3.98,3.95,5.1,74.7,6.78,2,0,0
1.27,1.48,1.51,7.4,79.8,3.9,4,0,1
1.14,1.65,1.59,4.9,67.0,3.28,3,1,1
2.49,2.81,2.8,7.0,74.2,4.53,2,1,0
1.58,1.54,1.54,8.8,71.9,3.19,2,0,0
0.6,0.48,0.49,7.1,81.3,4.64,2,0,1
4.0,4.0,4.0,5.3,85.1,4.22,2,0,0
0.53,0.29,0.29,8.5,77.7,5.48,1,1,1
2.89,2.36,2.35,5.1,92.7,5.09,1,1,0
3.29,3.36,3.36,3.3,83.3,3.22,1,0,0
1.41,0.69,0.69,6.6,89.4,4.01,0,0,1
1.62,1.7,1.62,6.8,81.9,4.19,1,0,0
1.43,1.17,1.2,6.8,74.1,4.82,5,0,1
0.0,0.0,0.05,7.1,78.6,3.3,2,0,0
1.29,1.44,1.43,4.2,82.4,5.14,4,1,1
2.45,1.99,1.91,7.3,100.0,3.74,0,0,0
2.47,2.17,2.17,3.3,90.2,3.13,3,1,0
1.48,1.41,1.36,4.0,83.4,3.21,1,0,1
1.56,1.85,1.91,6.0,79.9,4.65,2,0,1
2.19,2.58,2.5,5.3,75.1,2.52,6,1,1
3.16,3.2,3.2,1.2,80.0,4.19,1,1,0
1.82,1.05,0.93,5.6,82.3,2.83,2,1,1
2.93,3.52,3.52,4.0,75.1,4.34,0,0,0
2.76,2.76,2.83,5.2,75.5,3.79,3,1,1
2.96,2.94,2.9,4.8,87.2,4.33,2,0,1
2.53,3.25,3.36,5.8,87.0,4.28,1,0,1
1.98,1.84,1.84,6.1,82.1,3.93,1,0,0
2.19,2.19,2.16,5.7,65.9,5.42,2,1,1
2.4,2.98,2.9,3.7,69.1,4.2,1,0,0
2.66,2.44,2.46,4.1,83.2,4.0,1,1,0
1.56,1.49,1.49,7.8,91.9,5.11,1,0,0
2.91,3.48,3.52,4.7,85.8,3.71,4,1,0
0.85,0.52,0.54,9.0,87.0,3.29,1,1,1
1.6,1.2,1.2,5.7,83.0,2.6,0,0,1
0.75,0.85,0.85,3.3,79.9,3.71,1,0,1
3.01,3.27,3.27,6.4,87.5,2.53,0,0,0
3.09,3.08,3.08,3.9,99.2,3.89,3,0,0
3.25,3.7,3.64,7.6,87.0,3.06,2,0,0
3.78,3.56,3.56,3.8,75.4,2.34,1,1,0
1.61,1.12,1.08,4.9,84.6,3.07,2,1,0
1.92,1.63,1.57,6.5,77.5,2.43,0,0,1
1.75,1.54,1.54,3.1,82.8,2.49,1,0,0
2.24,2.08,2.12,3.5,87.8,3.39,3,0,1
2.7,2.98,2.95,5.6,86.0,4.74,1,1,0
1.21,1.59,1.55,6.0,87.3,2.4,1,1,1
1.69,2.07,2.07,8.0,76.5,4.55,2,1,1
2.87,3.16,3.12,6.1,81.8,3.87,3,0,1
1.64,1.25,1.16,3.9,71.7,4.48,3,1,1
2.14,2.11,2.07,1.0,87.2,3.81,1,0,0
2.77,2.94,2.94,4.0,72.1,3.51,3,1,1
3.25,3.28,3.16,6.6,83.9,3.85,2,0,0
1.71,1.69,1.72,5.8,75.0,2.94,1,0,0
2.84,2.11,2.07,6.1,100.0,5.32,1,1,1
2.49,2.38,2.38,5.7,83.3,3.86,4,0,0
1.01,0.81,0.94,8.1,83.4,6.18,3,1,1
2.3,2.46,2.44,7.8,98.3,4.49,2,1,0
1.38,0.73,0.75,3.1,69.4,2.92,1,1,0
2.06,2.18,2.17,5.4,87.1,4.74,1,1,1
1.13,0.47,0.47,5.3,82.5,3.22,3,0,1
0.06,0.0,0.0,7.3,69.0,4.42,2,0,1
1.35,1.51,1.46,3.9,81.5,5.98,1,0,0
2.33,2.94,2.94,5.7,79.3,4.22,3,1,0
4.0,4.0,4.0,6.6,85.6,5.97,3,0,0
1.3,1.31,1.27,9.7,92.5,3.96,2,0,0
1.74,1.61,1.54,4.9,78.6,4.96,1,0,0
1.66,0.94,0.92,3.2,95.4,5.48,2,1,1
4.0,4.0,4.0,2.9,87.6,4.99,2,1,0
2.07,2.18,2.18,5.2,82.8,2.39,1,1,1
3.3,3.35,3.3,5.8,94.6,6.08,2,1,0
3.58,3.76,3.76,5.4,75.7,4.04,0,0,0
1.54,1.15,1.08,3.8,95.2,2.89,5,0,0
1.71,1.91,1.91,4.9,70.0,2.95,1,1,0
2.69,2.83,2.83,6.9,94.7,1.23,0,1,0
4.0,3.63,3.64,3.4,82.5,4.63,2,1,0
1.39,1.81,1.74,6.9,84.0,3.14,4,1,1
3.99,4.0,3.99,4.5,88.4,5.21,2,0,0
1.16,1.08,1.08,8.0,74.0,3.34,5,0,0
2.7,2.61,2.6,7.9,92.1,2.42,0,1,1
1.45,2.04,2.02,8.7,81.3,4.93,3,1,1
2.92,3.5,3.52,2.1,91.1,4.82,1,0,0
1.29,1.17,1.25,3.7,87.4,4.72,1,0,0
3.33,3.47,3.47,5.3,86.8,4.67,3,0,0
0.44,0.41,0.42,9.5,73.7,3.46,2,0,1
2.05,2.14,2.14,8.5,90.0,2.5,0,1,1
3.15,3.26,3.26,3.8,59.4,3.77,5,0,0
0.73,0.93,0.96,5.4,72.4,3.09,3,1,1
3.91,4.0,4.0,3.6,73.0,4.05,1,1,0
0.11,0.0,0.0,7.4,82.0,3.52,3,1,1
2.2,2.39,2.39,6.1,78.3,1.55,5,0,0
1.71,1.93,1.93,6.3,90.0,4.41,3,1,0
1.15,1.22,1.16,7.5,90.8,1.83,2,0,1
2.15,1.91,1.91,6.2,84.2,4.18,3,0,1
0.15,0.35,0.34,8.4,79.8,2.42,1,1,1
0.71,1.05,1.05,7.5,83.3,4.03,0,1,1
0.55,0.24,0.24,7.1,77.3,4.19,0,1,1
0.35,0.39,0.34,6.7,90.3,3.58,0,1,1
1.53,2.03,2.02,7.1,67.7,4.64,2,1,1
1.33,1.63,1.69,5.5,71.2,4.07,3,0,0
1.87,1.75,1.75,5.7,85.9,2.53,5,0,1
1.64,1.28,1.28,6.1,86.3,2.28,0,1,0
0.57,0.58,0.58,8.4,68.5,3.43,2,0,1
1.11,1.59,1.61,5.8,79.5,2.92,2,0,1
1.83,1.93,1.89,7.5,88.2,4.27,1,0,1
1.57,1.29,1.31,3.8,70.5,4.04,2,0,1
3.07,3.05,3.05,4.9,90.2,3.54,2,0,0
2.96,2.8,2.78,4.4,89.2,4.44,1,1,0
1.05,0.89,0.79,7.4,76.1,1.71,2,0,1
4.0,4.0,4.0,4.5,84.2,5.25,2,0,0
1.28,1.45,1.31,10.0,81.2,4.04,1,1,1
4.0,4.0,4.0,2.5,90.1,7.09,2,0,0
1.65,2.28,2.24,8.2,76.5,3.9,3,1,1
1.35,1.35,1.32,8.4,81.8,5.24,1,0,0
4.0,4.0,4.0,4.6,84.4,7.52,2,1,0
0.96,0.69,0.67,6.6,83.1,4.77,1,0,0
1.73,1.84,1.77,4.6,61.6,7.65,2,1,0
0.69,0.19,0.19,2.7,82.1,2.63,3,1,0
2.51,2.74,2.75,3.3,87.8,3.59,2,0,1
1.55,1.2,1.2,6.2,79.0,4.11,4,1,1
3.96,3.89,3.83,6.3,89.4,5.04,1,0,0
1.5,1.57,1.59,4.4,71.9,2.87,1,0,1
1.73,1.43,1.46,7.9,75.3,3.76,3,0,1
2.62,2.64,2.67,5.5,69.4,4.84,2,0,1
4.0,4.0,4.0,5.5,88.8,4.33,1,0,0
1.37,1.32,1.35,5.4,72.4,4.07,2,0,1
1.7,1.82,1.84,6.3,82.8,1.48,3,1,1
2.54,2.43,2.43,3.8,89.4,1.87,3,0,0
0.9,0.98,0.88,7.7,86.1,4.93,1,1,1
3.42,3.3,3.35,5.2,84.0,5.81,1,1,0
1.37,1.46,1.46,6.4,85.0,4.19,1,0,0
3.47,3.91,3.91,4.2,94.5,3.63,5,0,1
1.84,1.73,1.73,2.8,87.7,3.63,1,0,1
2.67,2.6,2.58,6.4,82.5,2.82,2,0,0
0.48,0.52,0.56,5.2,75.0,5.79,1,0,1
0.65,0.31,0.32,4.7,84.7,1.81,2,1,1
1.91,2.09,2.15,9.4,84.2,6.65,4,1,1
2.79,3.04,3.04,3.8,83.5,5.46,1,1,1
2.03,2.46,2.4,8.1,87.2,5.27,1,1,0
3.65,3.64,3.64,4.3,76.2,3.56,2,1,1
2.63,2.23,2.23,3.9,99.8,6.35,2,0,0
1.38,1.53,1.52,6.2,88.1,5.99,6,1,0
1.01,1.19,1.18,6.8,84.7,0.5,4,0,1
1.67,1.54,1.54,5.7,78.0,5.37,1,1,1
1.13,1.83,1.79,8.1,72.7,3.7,2,1,1
0.13,0.45,0.45,7.4,85.2,3.52,1,0,1
1.3,1.41,1.44,7.0,74.7,3.11,1,1,0
3.51,3.56,3.6,8.0,87.5,2.31,1,0,0
1.88,2.18,2.18,6.0,89.4,5.0,5,0,0
0.78,1.02,1.02,6.9,77.0,4.47,1,1,1
1.13,1.35,1.29,5.3,83.7,3.19,2,1,0
1.88,1.92,1.82,6.5,66.0,2.57,0,0,1
3.32,3.9,3.9,2.1,84.7,4.32,1,0,0
0.95,0.9,0.9,4.2,87.0,2.01,2,0,0
4.0,4.0,4.0,5.6,85.9,4.25,2,0,0
2.17,2.2,2.13,4.8,91.2,1.52,3,0,1
3.3,3.33,3.26,6.4,92.0,5.89,1,0,0
0.86,1.02,1.08,7.5,64.8,3.69,1,0,1
1.95,1.88,1.83,4.4,82.6,4.59,0,0,0
4.0,3.79,3.79,2.9,82.6,3.96,2,1,0
0.41,0.03,0.02,3.5,66.7,3.8,3,0,1
1.03,1.24,1.24,7.6,83.8,3.58,2,0,1
1.5,1.59,1.59,8.3,88.2,5.66,2,0,1
2.83,3.23,3.23,4.5,72.1,4.35,0,0,0
1.55,1.59,1.55,5.0,72.7,6.92,1,1,0
1.49,1.93,1.93,2.5,74.3,1.34,0,1,1
1.06,0.77,0.83,4.8,81.4,5.66,2,0,0
1.21,1.56,1.55,4.6,80.4,2.41,3,0,1
3.17,3.02,2.98,6.6,67.9,5.74,2,1,0
1.34,0.89,0.96,4.6,79.3,2.19,0,0,1
0.78,0.08,0.13,5.5,81.8,5.86,2,0,0
1.66,1.39,1.38,4.4,64.9,5.01,2,0,1
0.07,0.36,0.4,6.9,73.5,2.97,2,0,1
1.17,1.48,1.5,7.3,83.4,1.87,2,0,1
4.0,3.57,3.62,2.5,99.2,5.08,2,0,0
2.6,2.86,2.79,6.0,80.3,2.57,5,1,1
0.03,0.02,0.04,7.1,89.0,3.26,0,0,1
4.0,3.61,3.63,3.3,77.4,3.7,2,1,0
0.23,0.0,0.05,7.1,75.1,3.35,0,1,1
1.43,0.81,0.78,6.5,68.0,1.91,2,0,1
2.58,2.49,2.37,7.5,82.2,3.71,1,0,1
1.65,1.63,1.63,4.6,81.8,3.98,1,1,0
0.0,0.64,0.62,7.8,79.2,5.25,3,1,0
3.81,3.5,3.5,5.4,98.1,6.39,1,1,1
3.4,3.13,3.11,5.6,89.8,6.1,3,1,0
2.52,2.83,2.89,8.6,95.0,3.46,2,1,1
1.69,1.82,1.75,6.0,79.8,4.05,0,1,1
3.27,3.47,3.4,4.5,82.4,2.69,2,1,0
2.02,2.33,2.32,7.0,80.1,2.49,4,0,1
2.71,2.59,2.64,5.7,80.2,3.94,1,0,0
2.14,2.2,2.2,6.4,76.1,4.11,1,1,0
1.09,1.33,1.37,6.7,70.0,3.42,4,0,1
1.4,1.51,1.41,7.0,68.8,4.3,4,0,0
1.89,1.78,1.74,5.0,82.3,3.04,2,0,1
0.74,0.56,0.49,5.5,77.8,3.4,3,0,1
1.11,0.77,0.82,9.1,75.7,3.42,1,1,1
2.36,2.56,2.59,6.1,81.0,2.28,2,0,0
3.15,3.41,3.33,4.9,76.5,3.18,3,0,0
2.89,2.34,2.4,4.3,87.8,3.3,1,0,0
2.8,3.01,3.01,2.1,89.1,3.63,3,0,0
2.05,1.95,1.95,3.9,83.8,2.68,3,1,1
4.0,3.94,3.93,3.1,86.9,6.32,3,1,0
2.18,1.86,1.94,7.1,80.8,2.78,1,1,1
3.99,4.0,4.0,5.5,92.8,6.1,1,1,0
3.91,3.89,3.87,3.9,71.4,5.46,3,0,0
2.3,1.82,1.83,5.2,82.9,6.71,0,1,0
2.09,2.59,2.62,5.8,84.5,5.67,0,0,0
1.93,1.36,1.37,6.3,86.1,2.8,3,1,0
0.35,0.39,0.31,6.7,66.8,2.95,4,0,1
4.0,4.0,4.0,3.0,91.2,3.14,1,0,0
2.31,2.34,2.39,2.9,94.0,2.37,1,1,0
2.37,2.55,2.5,4.4,80.3,3.91,4,0,0
3.41,3.66,3.66,4.6,80.6,4.2,1,1,0
3.67,3.55,3.59,5.0,91.7,2.92,3,1,0
2.3,2.42,2.37,4.6,85.3,2.83,2,1,1
4.0,3.73,3.73,4.0,99.7,5.04,2,0,0
3.48,3.68,3.67,6.3,98.4,4.67,3,0,0
1.5,1.68,1.6,7.3,91.3,3.18,4,0,1
2.05,2.31,2.31,5.7,83.8,2.8,1,1,0
1.31,1.6,1.6,8.9,80.8,3.74,0,0,1
2.93,3.2,3.13,5.0,75.8,7.5,1,1,0
1.52,1.02,1.0,5.4,93.8,4.67,1,1,0
0.5,1.11,1.11,9.5,72.1,4.4,1,0,1
0.0,0.72,0.8,4.9,75.4,2.16,2,0,1
3.52,3.56,3.56,2.5,92.5,4.47,1,0,0
1.25,1.25,1.33,4.9,81.0,5.13,2,0,1
1.26,1.44,1.47,5.3,84.3,2.59,5,1,1
0.87,0.76,0.76,7.7,87.7,5.25,1,0,0
3.59,3.54,3.56,6.0,90.1,3.41,0,1,0
2.46,2.23,2.22,6.6,77.7,4.05,1,0,0
1.73,1.73,1.79,5.0,88.0,1.34,1,0,0
4.0,4.0,4.0,5.8,91.3,4.05,2,0,0
1.8,1.62,1.62,6.7,92.2,4.49,2,1,1
1.72,1.53,1.56,5.0,90.6,6.89,2,0,0
3.57,3.13,3.13,5.9,80.7,4.28,1,0,0
1.53,1.28,1.27,7.9,78.0,4.36,2,1,1
1.53,1.53,1.46,7.9,82.5,6.09,3,0,1
3.48,3.41,3.41,8.6,74.9,4.29,0,1,0
3.54,3.43,3.43,4.4,80.8,4.96,1,1,0
2.1,2.04,2.0,2.8,80.0,4.11,0,1,0
0.0,0.0,0.0,5.8,83.6,1.88,1,1,1
2.45,2.45,2.32,4.3,89.5,4.38,1,1,1
1.95,1.32,1.22,3.6,72.5,3.53,3,0,0
2.56,2.65,2.72,4.6,84.3,3.54,1,0,0
4.0,4.0,4.0,4.2,90.5,5.28,1,1,0
2.74,2.83,2.77,5.5,79.8,6.41,4,0,1
4.0,3.33,3.34,4.0,70.1,3.98,0,1,0
3.89,4.0,4.0,3.0,96.7,4.25,5,0,0
2.26,2.34,2.34,6.3,84.4,4.82,2,1,0
0.85,0.56,0.6,6.6,82.9,4.18,4,1,1
2.45,1.72,1.69,5.6,70.7,6.02,1,0,0
1.73,1.84,1.82,3.4,79.7,2.48,2,0,1
2.57,2.37,2.37,6.7,84.1,4.38,4,1,0
0.77,0.86,0.86,6.0,80.2,3.52,3,1,0
3.16,3.63,3.59,6.4,80.7,5.14,3,1,1
2.34,2.14,2.14,4.5,93.2,1.98,2,0,1
0.54,0.68,0.64,7.2,82.9,4.68,1,0,0
3.5,4.0,3.99,6.4,95.7,3.27,1,0,1
3.49,3.63,3.61,4.7,77.1,4.12,2,1,0
3.14,3.11,3.11,5.8,76.8,5.46,2,0,0
0.87,0.74,0.81,5.0,78.4,4.99,1,0,1
3.16,2.98,2.87,5.0,81.4,3.57,1,1,0
2.97,2.68,2.72,7.3,76.7,5.34,3,1,0
0.71,0.62,0.67,6.1,81.4,3.95,1,0,1
3.6,3.94,3.95,6.1,77.8,2.55,2,0,0
1.38,1.37,1.37,7.3,80.8,3.15,3,0,1
1.85,2.29,2.29,7.1,70.3,4.91,0,1,0
2.96,2.1,2.09,6.8,78.8,4.6,1,1,0
1.55,1.77,1.75,7.0,75.8,4.05,3,0,1
4.0,4.0,4.0,3.8,88.6,4.35,0,0,0
3.29,3.36,3.29,3.8,93.6,6.06,1,0,0
4.0,3.96,3.88,5.9,89.9,4.92,1,0,0
3.59,3.41,3.42,4.6,86.8,5.44,3,1,0
2.42,2.81,2.86,9.7,82.0,4.07,0,1,0
1.72,1.87,1.84,8.1,86.0,2.72,0,0,1
2.95,2.89,2.87,5.2,75.4,3.79,4,0,0
2.73,2.96,2.96,8.1,74.0,5.22,0,1,1
1.59,1.6,1.62,6.5,71.0,3.97,5,1,1
0.0,0.0,0.0,8.2,72.0,2.61,1,0,1
2.77,3.05,3.17,1.0,75.8,4.16,5,0,0
1.95,1.81,1.78,4.4,65.0,3.7,0,1,0
2.23,2.25,2.27,4.3,78.4,2.05,1,0,0
1.84,1.89,1.77,5.7,83.7,2.82,2,0,1
1.71,1.41,1.37,6.4,74.1,3.05,1,0,1
0.78,0.53,0.53,8.5,100.0,3.12,2,0,0
2.75,3.02,2.97,8.0,95.2,2.83,1,1,0
3.32,3.14,3.17,6.8,89.6,4.45,0,1,0
3.72,3.38,3.28,7.5,100.0,4.06,1,1,0
2.51,2.83,2.83,6.4,72.1,4.06,1,0,0
1.13,1.51,1.47,6.7,75.3,4.85,0,0,0
2.91,2.79,2.88,3.9,82.0,5.5,2,0,0
3.6,3.82,3.77,5.2,71.8,3.93,2,0,0
3.57,3.68,3.76,2.5,85.7,3.79,1,0,0
2.12,2.67,2.66,5.4,89.6,1.84,2,1,1
3.19,2.85,2.83,4.5,96.2,5.01,1,0,0
2.18,2.38,2.49,4.9,69.2,4.08,1,1,0
2.92,2.65,2.67,4.7,92.8,3.62,2,1,0
1.61,1.78,1.75,5.6,74.1,4.25,1,1,1
1.95,2.23,2.23,4.5,78.5,4.24,1,0,0
3.7,3.38,3.38,6.6,88.9,5.31,3,1,0
2.54,3.05,3.05,5.5,77.7,2.52,2,0,0
0.36,0.04,0.01,7.5,76.7,2.67,3,0,1
0.0,0.04,0.04,6.3,72.5,3.1,3,0,1
0.03,0.2,0.17,8.5,90.4,1.1,0,0,1
3.3,3.38,3.46,8.1,84.7,3.37,2,1,1
2.17,2.51,2.49,5.5,87.5,3.95,1,0,0
3.31,3.98,3.97,8.1,65.6,4.71,4,1,0
0.96,0.85,0.87,4.9,81.1,4.06,1,1,1
3.32,3.4,3.42,5.8,83.4,4.75,0,0,0
1.14,1.24,1.24,3.1,79.9,2.08,4,1,1
2.81,2.32,2.35,5.4,71.6,4.67,1,0,0
4.0,4.0,4.0,4.4,91.2,4.73,2,0,0
1.02,1.13,1.19,7.2,98.0,4.25,0,1,1
2.55,2.26,2.28,2.1,76.1,3.09,1,0,0
2.51,2.68,2.69,3.3,79.1,1.8,2,1,1
0.05,0.51,0.5,9.0,77.5,5.72,4,0,1
1.08,1.39,1.34,7.2,84.0,5.09,2,1,1
2.59,2.47,2.47,3.1,94.3,3.5,2,0,0
0.49,0.74,0.65,9.2,51.5,3.73,4,0,1
0.55,0.74,0.81,6.0,75.7,5.05,4,1,1
2.52,2.51,2.51,7.1,82.9,3.22,3,0,0
2.61,3.01,3.06,7.0,85.6,3.28,3,1,1
2.03,2.03,2.1,5.5,90.7,6.62,2,0,0
2.08,2.18,2.19,4.4,62.5,2.83,2,1,0
0.37,0.62,0.56,6.5,65.1,2.17,1,0,1
1.9,2.34,2.34,6.8,89.4,3.21,0,1,0
0.9,0.92,0.89,5.9,74.2,2.19,1,1,1
1.71,2.18,2.12,4.1,81.7,3.35,0,1,0
1.21,1.19,1.19,4.0,86.9,6.2,5,1,0
0.71,0.73,0.68,8.2,84.0,3.96,1,1,1
3.03,3.19,3.25,4.7,90.3,4.05,2,0,0
1.7,1.58,1.62,6.5,64.0,3.2,3,1,1
2.25,2.27,2.27,6.2,86.9,3.4,1,0,0
3.39,3.14,3.17,6.0,83.4,4.39,1,0,1
2.48,1.92,1.88,5.1,78.1,3.78,3,0,1
1.12,1.23,1.24,4.4,64.8,4.84,1,0,1
3.69,4.0,3.99,1.0,79.3,3.43,5,0,0
0.56,0.5,0.45,5.4,87.8,3.62,2,0,0
0.0,0.0,0.0,5.5,71.5,3.74,1,0,1
3.38,3.18,3.23,4.7,77.3,4.38,1,1,0
2.69,2.65,2.58,7.4,91.4,3.7,1,0,0
1.72,2.08,2.04,3.6,73.8,0.72,4,0,1
2.38,2.45,2.48,6.0,82.7,1.8,1,1,1
3.37,3.22,3.27,4.6,84.3,4.32,3,0,0
2.12,2.3,2.33,5.3,62.7,3.22,1,0,1
0.58,0.4,0.4,7.6,86.7,1.92,1,0,1
2.75,2.45,2.46,6.2,79.8,5.19,3,1,0
2.54,2.55,2.56,5.2,82.2,3.31,1,0,0
1.91,1.35,1.31,5.1,73.7,4.51,1,0,1
0.97,1.58,1.59,7.9,78.1,2.7,2,0,1
0.97,0.53,0.45,4.5,84.5,3.29,1,1,1
2.44,2.04,2.05,5.3,91.1,5.07,1,0,0
1.13,0.87,0.91,8.4,69.1,4.62,1,0,0
2.98,2.43,2.43,5.1,82.8,1.73,1,1,1
0.88,1.06,1.06,7.1,78.8,3.64,0,1,0
0.6,0.8,0.75,4.7,79.5,2.34,2,1,1
3.23,3.28,3.28,4.4,71.6,1.44,2,0,0
0.92,0.49,0.54,4.8,72.8,2.55,1,1,1
1.82,1.86,1.86,8.2,75.9,2.93,0,1,0
0.69,0.58,0.58,7.5,84.0,6.41,3,1,1
3.11,3.23,3.28,4.2,95.5,2.63,1,0,0
1.17,0.7,0.72,6.8,90.3,0.94,0,0,1
2.88,2.65,2.65,5.6,76.6,4.97,0,1,0
2.03,2.34,2.34,5.2,86.3,6.2,4,0,1
1.72,1.46,1.34,5.3,76.8,3.99,1,0,1
3.64,3.36,3.35,5.0,85.0,2.57,3,0,0
1.61,1.84,1.88,6.5,77.2,5.06,0,0,1
3.57,3.17,3.11,5.3,85.4,5.14,2,0,0
2.33,2.14,2.11,5.2,83.1,2.04,0,0,0
4.0,4.0,4.0,4.6,84.3,4.16,2,0,0
1.71,1.91,1.92,7.0,80.4,4.76,1,0,1
1.15,0.66,0.63,4.5,86.1,1.26,4,0,1
1.78,1.92,1.87,3.7,86.2,5.3,4,0,0
2.78,2.81,2.82,4.6,91.6,2.17,1,0,0
0.88,0.46,0.51,6.1,80.2,4.31,1,0,1
1.81,2.11,2.1,5.9,80.0,2.86,5,1,0
2.61,2.85,2.84,6.3,95.3,4.14,3,1,0
4.0,4.0,4.0,3.3,75.6,5.3,5,0,0
4.0,3.91,3.91,3.4,81.2,5.43,3,1,0
3.24,3.83,3.83,6.1,69.6,4.5,0,0,1
3.09,2.97,2.95,2.2,84.5,4.52,2,1,1
1.14,0.96,0.94,6.4,72.8,4.54,1,0,1
3.24,3.05,3.05,5.8,77.4,3.31,3,0,0
1.39,1.11,1.08,2.4,85.9,5.82,2,0,0
1.98,1.56,1.48,6.6,73.3,3.36,2,0,0
0.98,1.19,1.19,4.3,86.4,4.23,6,1,1
1.08,0.37,0.34,7.1,84.1,4.22,2,1,1
1.56,1.47,1.43,8.1,62.4,3.75,4,0,0
0.22,0.28,0.28,6.2,69.8,0.5,4,1,1
3.36,3.72,3.62,6.9,84.8,6.68,1,0,0
2.45,2.5,2.5,4.6,71.6,5.01,2,0,0
2.35,2.29,2.3,6.8,84.5,4.04,1,0,0
3.11,3.27,3.31,6.5,84.3,5.16,1,0,0
3.47,3.18,3.18,2.6,88.4,2.85,1,1,0
3.88,3.72,3.65,4.3,85.6,2.73,0,1,0
1.76,1.54,1.54,4.6,82.5,3.95,2,0,1
1.64,1.92,1.96,6.6,84.3,3.51,2,0,1
0.0,0.0,0.0,7.9,66.5,1.08,0,0,1
2.08,2.0,2.09,9.5,90.1,5.33,1,1,0
1.64,1.26,1.28,3.6,82.6,3.02,0,1,1
2.83,3.04,3.04,6.6,81.1,4.75,5,0,0
0.53,0.47,0.43,7.1,69.4,3.36,3,1,1
3.5,3.43,3.48,4.5,82.1,6.39,1,1,1
1.28,1.11,1.1,3.3,74.5,1.93,2,0,1
2.43,2.24,2.3,7.7,80.9,3.39,0,1,1
2.24,1.98,2.0,7.2,78.7,2.95,0,0,0
2.61,2.41,2.4,5.0,73.4,2.35,3,0,1
1.67,1.05,1.05,5.6,87.8,4.68,3,1,1
0.65,1.48,1.48,7.9,72.2,4.79,1,0,1
2.29,2.5,2.49,2.9,75.1,4.86,3,0,0
1.59,1.97,1.97,8.4,88.9,3.84,1,0,1
1.47,1.45,1.54,6.4,88.2,2.95,0,0,0
0.69,0.23,0.23,9.8,88.9,2.53,3,0,1
2.29,1.7,1.69,5.6,83.2,1.72,0,0,1
1.01,0.8,0.83,5.6,84.0,1.52,2,1,1
1.24,1.11,1.11,6.4,74.2,4.61,0,0,1
1.1,1.5,1.48,5.9,72.8,4.3,1,1,1
0.0,0.0,0.0,10.0,73.9,3.37,1,1,1
0.53,0.75,0.74,6.6,100.0,2.0,4,1,1
1.51,1.42,1.39,4.8,72.2,5.47,0,0,0
1.61,1.6,1.6,4.9,79.0,5.65,1,1,1
2.01,2.08,2.13,9.0,75.8,4.1,2,1,1
1.06,0.67,0.66,4.4,56.9,2.0,0,0,1
0.92,1.19,1.18,6.2,82.1,3.53,2,1,1
1.37,1.38,1.45,7.6,79.0,5.37,1,1,1
2.33,2.46,2.35,4.3,79.3,3.46,1,0,1
2.16,2.07,2.11,6.8,99.3,2.62,2,0,0
1.78,1.52,1.52,6.8,78.8,5.21,2,1,0
0.0,0.2,0.19,10.0,67.5,2.31,4,0,1
2.4,2.54,2.57,7.5,80.4,3.27,1,0,1
1.87,1.99,1.85,4.7,74.0,5.4,2,0,0
3.29,2.9,2.89,4.7,89.5,6.37,1,0,0
2.83,2.9,2.96,8.5,81.5,4.81,0,0,0
1.54,1.58,1.57,8.5,90.9,4.21,1,1,0
1.11,0.86,0.93,5.5,71.2,3.43,3,1,1
3.08,2.97,2.97,6.3,80.6,3.79,3,0,0
0.0,0.3,0.3,8.3,61.9,4.16,3,1,1
2.55,2.42,2.42,8.0,81.7,4.89,2,0,0
1.93,1.83,1.83,6.7,85.0,4.0,1,0,1
1.72,1.78,1.67,4.4,78.4,3.69,2,1,1
0.12,0.07,0.01,3.8,69.5,1.72,0,1,1
2.06,2.21,2.23,2.7,86.6,3.89,0,1,0
1.8,1.77,1.82,5.8,82.1,4.26,2,1,1
2.33,2.04,2.06,7.1,86.5,5.96,2,0,1
2.72,3.17,3.19,5.0,83.4,4.84,3,1,0
2.16,2.39,2.39,5.5,81.2,4.75,1,1,1
2.41,2.22,2.22,5.9,73.3,4.57,0,0,0
0.0,0.0,0.0,6.7,77.3,2.9,2,0,1
1.34,2.12,2.13,4.9,83.9,1.63,2,0,1
3.67,4.0,3.96,2.8,72.7,4.32,0,0,1
0.28,0.0,0.1,7.5,68.5,3.52,0,1,1
0.52,0.18,0.13,7.5,67.6,2.32,2,1,1
2.38,2.43,2.43,5.1,67.6,5.99,0,1,1
1.92,1.9,1.92,7.4,73.9,3.19,1,0,1
2.61,3.15,3.12,6.2,86.1,2.5,6,1,0
0.77,0.6,0.6,6.6,85.5,1.91,4,0,1
1.22,1.58,1.58,3.3,79.3,5.32,3,0,1
0.63,1.09,1.01,7.0,81.7,3.72,4,0,1
0.51,1.01,1.04,4.3,80.2,3.58,5,1,0
2.13,2.32,2.33,4.2,71.5,6.04,3,1,1
0.29,0.4,0.34,7.1,74.8,1.48,2,0,1
3.04,3.0,3.0,5.1,71.3,5.95,1,1,0
0.66,0.9,0.93,3.9,90.7,2.48,3,0,1
3.15,2.89,2.94,3.9,89.3,5.09,1,1,0
0.31,0.18,0.18,8.3,72.2,4.66,0,0,0
1.33,0.89,0.89,7.0,79.7,3.07,4,0,1
1.87,2.51,2.47,3.7,97.5,4.09,1,0,0
1.17,1.01,1.06,9.8,81.2,3.37,1,0,1
2.79,2.78,2.77,5.9,80.3,3.38,1,0,0
2.19,1.81,1.81,5.7,93.3,3.07,3,0,0
3.17,3.13,3.13,5.8,100.0,6.55,0,1,0
4.0,4.0,4.0,1.0,85.3,6.0,2,1,0
1.72,1.75,1.86,4.0,79.6,5.86,0,1,0
2.92,3.38,3.41,4.2,74.6,4.66,3,1,0
3.67,3.76,3.7,4.7,90.3,4.5,5,0,1
1.59,1.51,1.46,3.9,66.3,4.76,1,1,1
1.99,1.73,1.68,6.4,62.6,3.88,0,1,0
1.95,2.68,2.69,6.9,76.1,4.56,3,0,0
1.13,1.33,1.3,9.2,90.7,2.91,3,1,0
1.42,2.09,2.02,4.9,90.1,2.54,3,0,0
1.25,1.65,1.61,7.3,69.0,3.52,2,0,1
1.63,1.59,1.57,9.0,82.5,4.59,0,0,0
0.0,0.0,0.01,6.8,58.3,5.19,4,0,1
1.25,1.48,1.47,6.7,77.7,3.71,1,0,0
0.91,1.05,0.94,5.8,73.8,4.27,2,0,0
0.69,0.69,0.69,3.4,67.8,4.18,3,0,1
1.26,1.24,1.24,7.2,88.0,5.12,3,1,0
1.55,2.07,1.99,4.0,82.4,3.81,2,0,1
3.44,3.48,3.38,5.6,74.8,2.8,2,0,0
2.64,2.75,2.75,3.1,96.5,2.91,1,0,1
2.82,2.91,2.95,5.4,81.7,3.65,3,1,0
3.82,4.0,4.0,5.2,85.2,4.19,2,1,1
3.66,3.8,3.76,2.5,83.7,3.49,2,0,0
4.0,4.0,3.99,4.1,89.7,5.65,0,0,0
2.42,2.18,2.23,5.6,87.0,4.11,4,0,0
1.05,0.68,0.68,2.3,60.8,2.43,1,0,0
1.0,0.95,0.89,5.4,81.0,2.8,3,0,0
0.9,0.89,0.89,4.8,66.4,3.04,4,0,1
2.83,2.79,2.7,5.2,96.1,3.26,6,1,0
1.28,1.88,1.86,5.1,92.2,4.01,1,0,1
1.93,1.91,1.92,5.3,84.2,3.49,2,0,1
2.23,2.28,2.28,4.7,84.2,3.07,2,1,0
2.38,2.22,2.2,6.6,96.7,7.03,2,1,0
0.23,0.2,0.22,6.7,81.5,4.2,1,0,1
3.27,3.62,3.71,5.6,73.1,4.75,0,0,0
1.14,0.86,0.86,5.9,82.0,3.56,2,1,1
0.87,0.59,0.59,8.3,76.7,4.71,1,0,1
3.23,2.98,2.98,3.2,73.6,3.77,0,0,0
2.64,3.65,3.68,4.9,80.5,3.39,1,0,1
2.43,2.66,2.67,5.1,79.4,3.68,2,1,1
3.09,2.78,2.73,4.0,90.3,3.96,2,1,0
0.89,0.44,0.38,5.8,68.8,3.01,3,1,1
1.0,0.94,0.98,9.1,80.5,4.17,3,1,1
3.73,3.72,3.67,4.0,87.2,2.96,2,0,0
0.84,1.35,1.36,5.4,79.1,3.83,4,0,1
2.74,2.99,2.96,2.7,73.3,3.04,1,0,0
1.41,0.89,0.9,4.7,91.1,3.92,1,1,1
1.89,1.9,1.92,4.9,60.9,3.94,2,0,1
1.86,1.92,1.85,6.1,94.7,4.62,1,0,0
0.1,0.02,0.0,5.3,76.9,2.81,3,1,1
2.65,2.01,2.07,5.1,84.8,3.41,2,0,0
3.88,4.0,4.0,6.9,87.0,5.17,4,0,0
1.29,1.27,1.3,6.4,82.6,3.72,3,0,1
2.36,2.61,2.61,6.9,60.2,4.32,2,0,1
1.28,1.39,1.44,9.5,80.6,2.88,4,0,1
2.1,2.26,2.29,3.4,76.2,1.98,2,0,1
2.26,2.48,2.4,7.9,83.0,3.68,1,0,0
2.12,2.32,2.25,3.2,77.9,3.52,1,1,0
2.66,2.61,2.67,4.2,89.6,3.92,2,0,0
3.38,3.62,3.55,2.8,96.2,4.6,1,0,0
1.48,1.84,1.77,7.1,66.1,5.06,4,1,0
3.14,3.44,3.34,3.9,87.0,3.61,3,0,0
4.0,3.55,3.55,4.0,87.4,3.77,3,0,0
1.54,1.25,1.25,7.6,67.8,0.84,0,0,1
4.0,3.52,3.49,5.4,81.9,4.48,4,1,0
3.79,3.91,3.91,5.5,81.3,4.09,1,0,0
2.0,1.46,1.43,7.1,74.7,5.52,0,0,1
0.28,0.41,0.4,3.6,82.2,0.5,3,0,1
0.78,1.01,1.01,5.5,85.0,1.74,1,0,1
1.6,2.08,2.08,7.4,93.0,5.06,0,1,1
0.93,0.68,0.67,5.8,72.1,3.78,2,0,1
1.22,0.8,0.85,4.5,79.7,6.6,2,0,1
1.62,1.69,1.69,4.4,85.0,7.6,1,1,0
2.86,2.77,2.77,5.0,82.3,5.03,3,0,0
3.55,3.39,3.43,5.7,73.5,5.47,1,0,0
1.96,1.68,1.66,6.2,92.7,1.27,2,0,1
3.33,3.38,3.39,3.3,79.3,5.44,1,1,0
4.0,4.0,3.99,5.2,85.6,4.33,2,0,0
1.31,1.81,1.74,7.6,73.6,4.81,3,1,1
1.19,1.77,1.85,6.0,78.5,4.71,0,0,1
1.18,0.8,0.75,4.9,72.8,2.29,3,0,1
1.76,1.82,1.77,9.3,71.1,4.12,3,1,1
2.08,1.95,1.92,10.0,83.9,4.36,4,1,1
0.93,0.76,0.73,5.0,83.1,4.05,6,0,1
0.55,0.55,0.55,6.0,88.4,4.4,3,0,1
2.17,1.74,1.8,5.0,76.6,2.35,0,1,1
2.54,2.12,2.15,6.2,77.3,4.32,4,0,0
2.63,3.08,3.05,3.3,89.0,1.77,1,1,0
0.73,0.34,0.27,4.7,79.3,2.76,3,1,1
0.57,0.35,0.35,4.6,88.3,0.52,3,1,1
1.46,1.29,1.2,5.9,97.3,3.98,2,1,1
1.85,1.99,2.01,7.1,74.4,2.1,0,0,1
0.6,0.63,0.58,5.2,74.3,2.72,1,1,1
1.53,1.16,1.14,4.3,82.6,3.77,1,1,0
1.99,2.11,2.11,6.1,81.5,4.16,4,1,1
0.99,1.03,1.03,10.0,77.3,3.04,5,0,1
0.65,1.39,1.39,4.4,79.5,4.11,0,1,1
1.78,1.52,1.59,5.4,81.1,4.38,3,1,0
2.67,2.7,2.7,3.2,72.1,7.93,0,1,1
2.59,2.21,2.12,4.7,85.0,5.41,0,0,0
0.64,0.61,0.58,6.2,80.4,3.74,3,0,1
4.0,3.83,3.89,4.4,89.8,3.79,4,1,0
4.0,4.0,4.0,2.3,89.8,2.0,2,1,0
0.0,0.0,0.0,6.0,78.0,3.47,0,1,1
1.79,1.76,1.76,4.8,83.9,3.01,2,1,0
3.73,3.59,3.54,5.3,86.6,4.48,1,0,0
1.66,1.91,1.82,4.5,83.0,4.76,0,0,0
4.0,3.86,3.89,4.5,83.3,3.82,2,1,0
0.0,0.0,0.02,8.8,82.1,1.37,3,0,1
0.0,0.54,0.51,7.2,79.0,2.64,4,0,1
1.47,1.07,0.97,8.4,85.3,2.26,1,0,1
0.82,0.83,0.79,7.2,62.1,2.35,1,0,1
3.57,3.64,3.7,3.3,89.3,4.44,2,0,0
3.63,3.77,3.77,5.2,100.0,3.55,2,0,0
2.97,3.15,3.14,8.3,75.7,4.92,0,1,0
1.59,1.32,1.43,6.9,99.5,6.5,1,0,1
1.15,1.09,1.11,7.1,72.0,4.95,2,1,0
3.01,3.06,3.01,3.5,81.6,2.51,0,1,0
1.54,2.08,2.0,6.7,79.0,3.74,0,0,0
4.0,3.81,3.79,4.4,73.8,2.24,3,0,0
1.5,0.85,0.73,5.1,76.9,1.38,4,0,1
2.76,2.9,2.9,3.5,80.2,3.11,2,0,0
3.24,3.33,3.3,4.2,73.6,4.76,1,1,1
0.0,0.0,0.0,6.1,77.4,4.6,2,1,1
0.93,0.86,0.86,9.2,85.1,4.27,1,1,1
3.25,3.16,3.12,4.1,75.6,6.82,0,0,0
3.07,2.87,2.85,3.2,91.1,2.95,0,1,0
2.8,2.49,2.51,8.0,85.1,1.88,2,0,0
2.94,2.59,2.55,5.6,97.6,0.94,3,1,0
1.64,1.08,1.12,6.9,79.5,3.67,2,1,1
0.25,0.0,0.08,5.8,72.2,3.84,4,1,1
2.1,2.2,2.17,3.4,73.6,3.86,3,0,1
3.08,3.08,3.05,3.8,77.8,3.88,2,0,1
1.25,1.35,1.37,3.4,92.8,3.67,2,0,1
3.05,3.15,3.25,5.8,92.3,4.8,1,0,0
0.59,1.16,1.13,8.4,79.7,4.79,1,1,1
4.0,3.86,3.93,6.7,91.9,0.5,1,1,0
0.03,0.05,0.05,5.4,77.6,3.85,3,1,1
2.51,2.6,2.6,6.9,77.6,5.04,1,0,1
2.36,2.37,2.35,5.8,82.2,4.51,1,0,0
0.39,0.73,0.73,6.5,84.9,6.53,4,1,1
2.11,2.65,2.69,6.7,77.3,3.79,3,1,1
2.96,2.6,2.62,8.3,99.7,3.8,2,0,0
1.61,1.39,1.48,3.9,70.1,4.67,1,1,1
2.25,2.37,2.33,5.1,77.2,3.48,1,0,0
0.0,0.34,0.23,7.9,77.1,1.8,2,0,1
0.84,0.72,0.72,5.5,78.2,4.05,1,1,0
2.41,2.44,2.46,4.7,84.9,2.68,2,1,0
4.0,4.0,4.0,3.8,84.7,4.61,3,0,0
1.66,1.56,1.57,4.6,77.1,3.94,0,0,1
0.55,0.87,0.94,7.4,82.8,5.59,2,1,1
2.17,1.88,1.86,5.6,80.8,6.55,2,0,1
1.15,1.1,1.05,5.6,83.5,4.73,1,1,1
0.89,1.07,1.03,7.8,76.6,1.44,2,0,1
2.71,2.18,2.12,4.9,80.2,4.47,3,0,1
0.0,0.0,0.0,8.4,66.1,4.41,1,0,1
0.64,0.43,0.43,6.7,76.3,7.12,2,0,1
4.0,3.9,3.9,4.2,78.2,2.49,1,1,0
3.78,3.49,3.47,3.3,94.6,4.39,1,1,1
3.1,2.68,2.66,4.1,74.8,2.11,1,1,0
1.06,1.2,1.16,3.4,79.6,4.32,2,0,1
3.65,3.51,3.51,5.1,100.0,4.53,1,0,0
2.71,2.76,2.76,6.6,72.8,4.81,0,1,0
3.82,4.0,4.0,6.4,93.1,6.21,0,0,0
1.18,0.79,0.79,5.9,79.1,3.43,0,0,0
2.08,2.26,2.34,4.9,80.8,2.15,1,0,1
1.28,0.99,0.96,7.5,71.1,4.33,5,0,1
1.66,1.65,1.62,3.1,70.6,3.08,0,0,0
0.82,0.63,0.56,5.5,78.8,3.93,2,0,1
1.82,1.41,1.3,8.8,73.5,3.24,1,1,1
1.22,1.38,1.38,9.3,62.9,2.31,1,1,1
2.6,2.82,2.82,4.9,61.0,3.54,1,0,0
1.67,1.31,1.31,5.7,96.6,3.12,4,1,0
0.0,0.0,0.0,6.3,86.1,0.5,2,1,1
2.26,2.23,2.14,5.8,70.5,4.82,1,1,1
3.58,3.67,3.69,5.2,80.1,4.62,2,0,1
2.32,2.14,2.18,5.4,94.2,4.75,1,0,0
2.33,2.35,2.33,8.5,86.7,1.84,1,1,0
1.42,1.18,1.18,4.8,92.2,3.45,1,1,0
1.41,1.41,1.44,7.8,77.5,4.15,3,0,1
1.72,1.93,1.94,6.9,79.2,3.65,2,0,1
2.55,2.62,2.62,3.4,79.3,5.99,2,1,1
2.85,2.64,2.68,8.1,88.0,3.81,4,1,1
1.99,1.75,1.75,4.6,78.8,2.68,2,0,1
1.66,1.77,1.67,4.7,89.4,5.22,0,0,0
2.66,2.68,2.68,3.6,90.2,2.53,3,1,0
0.0,0.0,0.0,6.7,83.4,3.38,2,1,1
2.72,2.53,2.57,3.5,88.6,5.04,0,0,0
3.29,2.8,2.83,4.3,82.2,3.53,3,0,1
0.72,0.86,0.86,7.3,81.7,6.33,0,0,1
0.63,0.45,0.5,7.4,89.0,2.48,1,0,0
2.31,1.83,1.81,4.5,67.1,4.2,2,0,0
0.2,0.0,0.0,5.7,76.6,4.9,0,0,1
1.74,1.52,1.52,7.2,92.4,4.63,1,0,0
1.06,0.95,0.91,8.1,85.0,5.81,1,1,1
2.58,2.0,2.01,5.9,81.3,4.13,2,0,1
1.56,1.94,1.89,7.0,61.9,3.38,5,1,1
1.24,1.25,1.23,7.3,99.3,1.45,2,0,1
0.23,0.26,0.29,9.7,92.1,3.19,1,0,0
3.62,3.52,3.53,3.6,81.9,6.6,2,0,0
3.8,4.0,4.0,3.6,85.1,2.28,2,1,0
2.69,2.57,2.57,4.5,81.8,4.26,1,1,0
3.67,3.73,3.73,4.4,92.3,3.72,0,0,0
1.81,2.21,2.29,4.7,85.5,3.92,1,0,0
2.7,2.85,2.85,2.4,92.2,3.52,0,0,0
2.86,3.05,3.05,1.0,74.2,3.7,2,0,0
3.27,3.2,3.31,5.2,75.7,6.31,4,1,1
1.89,1.47,1.45,6.8,83.6,5.99,0,1,1
2.28,1.91,1.93,6.3,71.2,5.64,4,0,0
1.88,2.01,1.98,4.8,75.4,3.32,2,1,1
1.91,1.71,1.69,5.4,89.7,3.35,2,0,1
1.43,1.51,1.52,7.1,80.2,4.87,1,1,1
1.65,1.91,1.95,7.4,83.8,5.02,3,0,1
0.0,0.0,0.0,4.9,80.0,1.24,1,0,1
2.98,2.85,2.84,6.2,80.9,4.24,1,0,0
1.64,1.94,1.94,5.0,90.7,3.49,3,0,1
0.85,0.72,0.75,6.9,69.8,2.33,5,1,1
0.73,0.98,0.93,5.7,80.9,4.6,3,1,1
0.06,0.95,0.95,10.0,68.3,2.48,0,1,1
0.59,0.41,0.41,5.4,70.9,4.95,2,0,1
1.86,1.73,1.8,6.1,71.9,4.72,5,1,1
1.29,1.22,1.22,7.7,86.6,3.19,1,0,1
3.14,3.12,3.19,4.6,84.5,5.32,1,0,0
0.0,0.0,0.0,6.0,80.1,3.53,1,0,1
3.18,3.21,3.21,4.1,63.2,3.89,1,1,0
0.43,0.31,0.31,6.3,80.4,5.6,3,1,1
1.12,0.93,0.93,6.1,77.2,3.71,0,1,1
0.55,0.59,0.59,6.9,83.7,5.4,1,0,1
1.61,1.46,1.45,4.9,72.1,3.28,2,0,1
0.86,1.0,1.0,8.0,70.9,3.42,1,1,1
0.74,0.65,0.59,5.9,69.2,5.93,3,0,1
1.82,1.94,1.99,10.0,100.0,5.62,0,1,1
2.72,2.68,2.68,4.9,88.7,0.86,4,0,0
1.14,0.96,0.96,4.0,80.0,3.57,1,1,1
1.15,1.31,1.33,7.9,76.3,2.41,1,0,1
0.0,0.0,0.0,7.1,75.8,4.25,1,0,1
1.6,2.27,2.27,9.8,73.2,4.3,2,0,0
3.0,2.85,2.85,4.0,87.0,5.64,3,0,0
1.01,1.25,1.33,10.0,90.9,3.38,2,0,0
4.0,3.9,3.98,3.8,81.3,1.7,4,1,1
0.7,0.59,0.57,5.5,83.1,2.91,3,0,1
2.72,2.95,2.95,6.1,83.2,3.67,4,0,0
1.38,1.37,1.31,5.0,84.8,4.25,6,0,0
1.9,2.02,1.99,6.6,70.4,2.13,5,0,0
3.82,4.0,3.96,2.4,83.3,5.49,3,0,0
1.35,1.6,1.68,4.9,65.4,4.27,2,1,0
1.17,0.89,1.01,7.3,75.1,6.05,1,0,0
2.68,2.73,2.73,5.8,88.1,2.6,0,1,1
4.0,4.0,4.0,4.0,92.1,4.96,0,0,0
0.88,1.15,1.03,8.1,79.8,3.0,2,1,1
0.81,1.24,1.24,6.5,60.1,4.02,1,1,1
2.76,2.46,2.46,5.9,88.4,4.36,0,1,0
1.43,1.58,1.61,4.9,74.8,5.26,2,0,1
2.52,2.81,2.81,5.6,70.3,2.73,2,1,1
0.85,0.54,0.59,7.6,82.9,5.25,3,1,1
1.88,1.73,1.72,5.3,84.1,3.24,2,0,0
0.35,0.68,0.81,9.7,72.1,4.73,3,1,1
0.88,0.73,0.77,4.6,89.8,3.85,3,0,1
3.01,2.96,2.97,8.6,79.6,3.87,1,0,0
2.04,2.38,2.38,3.0,84.4,1.34,0,0,0
1.09,1.61,1.61,9.2,81.7,4.96,1,1,1
0.67,0.83,0.8,9.0,81.1,1.29,1,1,1
4.0,3.8,3.77,5.3,77.6,6.36,1,0,0
0.0,0.27,0.27,6.7,73.1,3.02,1,0,1
1.98,2.14,2.1,6.3,87.4,3.81,1,1,0
3.78,3.57,3.46,5.7,87.5,6.22,3,1,0
4.0,4.0,3.98,2.8,82.4,3.68,3,0,1
0.81,0.44,0.44,6.9,74.2,4.99,1,1,1
3.09,3.14,3.15,4.3,76.6,3.48,0,1,0
2.58,2.6,2.54,4.1,77.3,6.49,3,0,1
4.0,4.0,3.96,5.7,81.0,5.94,2,1,0
4.0,4.0,4.0,3.9,71.0,6.08,0,1,0
0.0,0.0,0.01,8.0,83.1,2.99,1,1,1
1.9,1.67,1.72,3.3,66.4,3.73,1,1,1
2.69,2.4,2.4,6.0,88.5,5.43,2,1,1
2.77,2.77,2.85,3.1,96.5,4.43,4,1,0
2.9,3.26,3.28,4.2,83.4,3.34,7,1,1
0.0,0.17,0.12,6.8,78.7,1.16,0,0,1
3.46,3.6,3.53,6.1,82.4,2.76,0,0,0
2.27,1.59,1.59,6.6,73.7,4.18,4,0,0
1.02,0.55,0.57,6.1,82.7,7.18,2,1,0
2.61,2.74,2.65,5.5,81.6,4.59,4,1,0
2.95,3.0,2.92,4.2,82.8,3.38,3,0,0
2.34,2.31,2.31,6.3,89.0,3.59,4,0,0
0.95,1.04,0.98,5.9,68.3,3.99,0,0,1
3.52,3.41,3.41,3.0,94.1,4.11,3,1,0
0.0,0.31,0.33,6.1,66.4,3.48,2,0,1
3.16,3.3,3.19,2.1,69.9,3.47,0,1,0
2.88,3.68,3.69,5.3,77.1,3.14,4,1,1
3.41,3.56,3.56,7.0,86.1,2.7,2,0,1
1.56,1.88,1.88,5.7,79.2,2.33,2,0,1
2.75,2.92,3.0,5.8,89.4,5.53,2,0,1
2.95,2.66,2.74,4.2,82.0,4.97,0,0,0
1.75,2.06,2.02,5.5,84.3,1.44,1,1,1
0.16,0.3,0.32,7.5,73.9,3.99,2,1,1
3.72,3.87,3.87,3.0,87.9,5.13,0,1,0
3.09,3.7,3.7,4.5,82.6,5.49,4,0,0
1.8,2.04,2.03,4.8,64.7,4.61,1,0,1
3.57,3.16,3.13,3.3,76.7,5.17,0,0,0
1.74,1.54,1.56,7.1,88.0,3.66,1,1,1
2.38,1.96,1.96,4.2,69.0,2.28,3,1,0
0.0,0.69,0.68,5.3,73.1,3.97,1,0,0
2.81,2.85,2.81,5.1,95.0,2.34,0,0,0
3.18,2.54,2.55,5.5,82.3,3.76,1,0,0
1.93,1.59,1.51,3.9,79.6,4.03,2,0,1
2.85,3.09,3.09,7.0,97.8,4.13,1,0,0
0.79,1.3,1.32,9.9,65.6,5.37,3,0,1
3.88,4.0,3.9,4.7,83.8,2.2,0,1,0
1.62,1.44,1.42,5.8,87.8,4.14,0,1,0
1.9,1.48,1.48,4.5,80.8,3.61,1,0,0
3.91,3.68,3.68,3.9,83.0,4.41,2,0,1
3.38,3.07,3.09,8.4,95.2,5.54,2,0,0
2.09,1.81,1.81,7.3,81.3,5.27,4,0,1
4.0,4.0,4.0,5.2,83.5,4.09,1,0,1
0.26,0.37,0.42,6.6,85.2,3.9,5,0,1
2.22,2.18,2.14,7.3,89.1,4.07,0,0,0
2.26,2.22,2.33,6.5,77.8,3.64,1,1,1
3.85,3.83,3.83,3.7,86.1,4.66,3,1,0
1.01,0.88,0.86,3.7,86.2,0.92,1,0,0
2.23,2.27,2.27,6.0,77.0,3.25,1,1,0
2.67,2.53,2.46,4.4,74.4,5.82,4,1,0
1.4,1.46,1.47,6.5,82.2,6.33,7,1,1
2.18,2.21,2.25,8.2,82.8,5.04,3,0,0
0.73,0.74,0.67,5.4,86.2,2.1,5,0,1
1.07,1.6,1.6,6.2,69.6,4.13,2,0,1
0.5,0.24,0.27,10.0,81.1,1.35,0,1,1
1.5,0.93,0.91,6.6,80.1,3.7,4,1,1
2.98,3.47,3.47,4.6,97.1,4.03,1,1,1
1.88,1.99,2.05,7.0,88.7,4.65,0,0,0
4.0,4.0,4.0,5.4,77.6,3.23,5,0,0
0.5,0.0,0.0,5.5,78.0,3.85,3,0,1
1.94,1.81,1.74,6.2,76.9,3.14,3,0,1
2.96,2.98,2.98,5.4,77.8,4.87,0,0,0
3.21,3.03,3.04,5.3,72.3,3.73,2,0,0
1.5,1.64,1.55,8.5,86.9,4.39,2,1,1
0.03,0.3,0.3,8.4,84.1,5.89,2,0,1
2.39,2.48,2.48,6.4,86.4,5.12,2,1,0
0.66,0.82,0.89,9.8,58.8,4.93,4,0,1
2.1,2.14,2.11,8.3,94.0,2.72,3,0,0
3.16,3.46,3.46,6.2,89.6,3.35,0,1,0
2.76,2.55,2.53,6.8,78.3,2.29,1,0,0
0.29,0.39,0.37,6.5,80.7,3.18,1,0,1
3.93,3.59,3.6,5.7,84.7,5.36,2,0,0
4.0,3.69,3.67,6.6,84.2,4.38,0,0,0
1.07,1.07,1.08,5.2,91.3,4.23,3,0,0
0.65,0.19,0.19,8.8,78.3,2.51,4,0,1
2.77,2.67,2.75,4.2,81.9,5.5,1,1,0
2.82,2.86,2.83,6.8,80.6,5.24,0,1,1
2.84,3.11,3.07,4.6,85.4,1.58,3,0,1
2.33,2.14,2.21,4.5,87.2,2.65,1,1,0
1.7,1.94,1.9,5.2,81.2,4.88,4,0,0
0.0,0.0,0.0,9.8,76.5,2.75,1,1,1
2.52,2.36,2.43,5.2,66.9,4.59,1,0,0
1.13,1.02,1.05,7.3,76.7,3.37,1,0,1
1.9,2.05,2.07,5.2,77.1,4.3,4,0,1
0.63,0.85,0.82,4.0,71.4,2.51,3,1,1
2.66,2.54,2.38,4.4,100.0,3.14,1,1,0
2.67,2.36,2.35,5.8,79.1,3.7,2,1,0
0.42,0.46,0.46,9.1,73.3,4.81,1,1,0
3.87,3.5,3.5,3.6,81.7,2.47,4,0,0
2.73,2.84,2.84,5.5,76.2,3.66,1,1,1
1.2,0.94,1.04,8.0,89.2,6.27,0,1,1
2.04,1.83,1.83,3.8,80.4,4.11,3,0,1
1.98,2.14,2.14,4.8,88.6,3.8,1,1,1
1.67,1.36,1.38,7.8,79.0,5.18,1,0,1
2.28,2.1,2.05,2.8,80.2,3.9,0,0,0
0.07,0.0,0.0,7.5,75.3,4.56,3,0,1
2.92,3.15,3.15,7.8,88.9,2.39,4,0,0
1.65,1.69,1.73,6.3,79.0,5.4,1,1,1
1.07,0.79,0.71,4.6,74.4,2.76,3,0,1
0.95,0.88,0.88,7.5,77.6,2.55,1,0,1
0.89,1.29,1.29,4.8,83.6,2.63,1,0,1
0.0,0.0,0.04,8.5,69.1,4.74,1,1,1
2.49,2.44,2.44,5.5,77.7,6.38,3,1,1
1.25,1.4,1.33,5.9,87.8,5.64,2,1,0
2.6,2.23,2.23,6.0,88.5,3.6,1,0,0
3.45,3.12,3.13,7.0,93.0,5.02,2,0,1
1.46,1.14,1.12,9.3,77.5,4.34,0,0,1
2.67,2.71,2.71,7.6,73.1,2.58,4,1,1
2.27,2.6,2.58,5.5,65.9,3.94,1,0,0
2.67,2.61,2.61,7.5,86.0,2.97,5,0,0
0.55,0.31,0.35,7.1,75.6,4.81,2,0,1
3.34,3.4,3.4,2.8,85.3,3.1,1,0,0
3.46,3.46,3.39,6.1,81.0,3.08,2,0,0
1.11,0.78,0.72,6.0,78.0,5.38,2,0,1
0.34,0.53,0.53,3.9,74.1,4.92,3,0,1
2.58,2.54,2.46,4.2,72.9,4.28,2,0,1
1.12,0.52,0.59,6.6,86.1,4.02,2,1,1
0.0,0.0,0.18,9.9,83.8,1.68,0,1,1
2.02,1.89,1.89,4.6,77.0,4.61,0,1,0
1.89,1.79,1.84,10.0,77.5,6.52,2,1,1
3.65,3.21,3.24,2.0,78.8,4.65,1,1,0
1.28,1.26,1.25,4.7,71.9,3.56,1,0,0
3.06,2.67,2.56,6.6,80.6,6.98,2,0,0
4.0,4.0,4.0,5.6,75.1,5.38,4,1,0
1.4,1.4,1.4,7.1,73.0,5.58,2,1,1
0.47,0.18,0.18,7.6,69.4,5.71,1,0,1
2.85,2.9,2.87,3.8,78.3,4.44,4,1,0
2.59,2.94,2.93,3.6,82.7,3.69,3,0,0
0.15,0.02,0.0,3.3,76.2,4.23,3,0,1
1.85,1.69,1.68,4.2,72.6,4.24,4,1,0
1.48,1.46,1.5,10.0,63.3,3.4,0,0,1
1.87,2.39,2.28,5.9,95.9,3.21,1,1,1
1.81,1.57,1.57,3.5,74.7,4.8,0,0,1
0.0,0.0,0.0,7.4,87.6,4.35,2,1,1
0.33,0.3,0.27,8.0,89.0,3.63,0,1,1
2.77,2.58,2.56,6.2,84.1,2.67,3,0,0
1.68,1.83,1.91,6.9,88.4,3.41,3,0,0
1.55,1.38,1.35,5.2,90.4,2.9,1,1,1
2.46,2.13,2.13,4.2,77.3,3.22,0,0,0
3.22,3.43,3.38,3.9,79.7,2.26,2,1,0
3.01,2.75,2.75,4.2,72.8,4.04,2,1,0
3.13,2.97,2.97,5.3,83.7,2.37,3,1,1
0.05,0.0,0.0,9.0,73.2,3.71,2,0,1
0.28,0.16,0.16,7.4,71.0,4.61,3,0,1
2.3,2.01,2.01,5.9,94.4,3.09,0,0,1
2.25,2.71,2.71,2.4,85.9,4.04,0,0,0
0.71,0.57,0.55,7.0,83.2,2.51,2,0,1
2.21,2.28,2.28,6.7,81.5,3.47,1,0,1
1.38,0.94,0.99,6.5,78.0,4.37,4,1,1
3.86,3.95,3.9,2.6,96.4,5.42,3,0,0
1.51,1.73,1.78,5.8,86.4,1.52,5,0,1
3.02,2.84,2.83,3.0,76.8,2.9,1,1,1
0.99,1.51,1.54,7.3,74.8,5.1,2,0,1
3.83,3.67,3.63,4.9,72.0,5.75,2,0,0
4.0,4.0,4.0,3.9,71.9,3.64,2,0,0
1.32,1.41,1.41,5.7,88.8,6.35,1,1,0
1.83,2.24,2.14,3.2,75.0,4.65,2,0,0
0.93,0.87,0.86,7.9,84.1,3.34,2,0,1
2.38,1.99,1.99,6.4,83.2,4.79,1,0,1
1.3,1.05,1.05,5.7,90.7,3.27,2,1,1
3.99,3.96,3.9,1.6,79.3,4.89,2,0,0
0.9,1.28,1.28,8.5,93.0,2.81,4,1,0
4.0,3.67,3.71,4.2,73.2,4.39,2,1,0
0.08,0.0,0.0,4.8,83.9,4.18,1,0,1
2.02,2.05,2.04,7.4,93.6,1.6,2,0,1
0.0,0.0,0.03,4.7,84.8,1.98,3,1,1
0.95,0.94,0.95,7.0,81.6,3.06,1,1,1
2.06,2.57,2.57,5.9,79.7,3.18,0,1,1
0.25,0.09,0.14,4.0,87.1,3.76,1,1,1
2.89,3.21,3.2,3.5,84.4,3.6,1,0,0
3.11,3.07,3.12,6.8,78.1,7.73,1,1,0
3.04,2.38,2.38,6.5,77.3,5.49,1,0,0
3.91,3.93,3.88,4.8,82.5,3.28,1,1,0
1.72,1.64,1.67,6.0,76.6,2.61,2,0,1
2.75,2.83,2.76,7.2,96.6,3.98,1,0,0
2.91,3.03,3.1,4.2,82.3,2.82,4,0,0
2.52,2.61,2.61,5.0,87.8,3.24,2,0,0
4.0,3.63,3.58,6.4,89.9,5.33,2,1,1
1.63,1.78,1.7,6.8,86.3,2.09,0,1,0
1.73,1.83,1.83,7.8,84.4,3.76,0,1,0
2.26,2.22,2.22,8.1,80.9,2.76,0,0,1
1.54,1.64,1.64,10.0,73.3,3.82,1,0,1
1.3,0.95,1.01,6.9,81.9,3.33,0,1,1
0.18,0.59,0.67,4.5,78.8,1.12,0,1,0
0.99,1.03,1.03,2.5,82.2,4.42,2,0,1
2.29,2.43,2.44,5.6,79.4,3.97,2,0,1
3.97,3.53,3.54,4.3,89.4,4.87,2,0,0
2.67,2.53,2.53,4.4,83.8,4.01,4,0,0
3.65,3.59,3.62,6.9,84.1,5.25,2,0,0
2.15,2.32,2.27,5.8,85.3,5.51,4,0,1
1.07,1.2,1.2,1.7,85.2,5.24,1,1,1
3.55,3.42,3.38,3.8,88.2,1.36,1,0,0
1.18,1.14,1.17,6.2,93.8,3.39,2,1,1
1.33,1.32,1.33,6.5,72.0,5.31,1,0,1
3.32,3.81,3.76,5.8,80.7,2.22,1,0,0
1.19,1.29,1.32,8.1,72.5,5.93,2,0,1
4.0,4.0,3.99,4.7,89.3,5.92,2,1,0
2.16,2.27,2.29,5.0,68.7,3.2,2,0,0
1.56,1.19,1.19,7.6,72.9,4.01,0,0,0
0.67,0.91,0.89,7.1,73.7,2.5,1,0,1
3.2,3.14,3.06,9.2,71.8,5.87,2,0,0
3.35,3.46,3.46,5.6,84.5,5.9,0,0,0
2.19,2.17,2.16,8.3,94.0,4.18,1,1,0
3.26,3.52,3.52,6.1,88.3,5.63,2,0,0
3.27,2.55,2.49,4.6,96.3,3.3,1,1,0
1.98,1.61,1.74,5.2,70.2,4.55,1,0,0
2.99,2.81,2.74,3.7,91.2,4.71,2,1,1
1.6,1.49,1.52,7.2,70.1,3.08,2,0,1
2.81,2.16,2.12,5.6,88.1,2.53,2,1,1
1.4,1.04,1.04,5.9,85.4,5.95,1,0,0
3.1,2.72,2.68,5.8,83.2,4.27,0,0,1
2.1,1.93,1.9,7.6,80.9,6.02,0,0,0
2.36,2.21,2.22,3.8,75.3,4.21,0,0,0
2.82,3.16,3.08,7.2,93.9,5.8,2,0,0
0.97,0.94,0.99,8.4,88.8,3.32,2,0,1
1.12,1.2,1.27,5.2,76.9,5.63,0,0,1
2.59,2.36,2.31,5.8,83.1,3.56,1,0,0
1.53,1.71,1.71,5.3,85.7,3.32,2,0,1
1.57,1.45,1.34,6.8,77.2,1.73,2,0,1
3.41,3.34,3.41,6.7,85.0,4.47,4,0,0
2.39,2.11,2.11,4.8,82.0,4.51,2,0,0
4.0,4.0,4.0,6.6,83.2,6.57,5,0,0
2.03,1.86,1.85,5.2,71.8,2.82,3,0,1
4.0,4.0,3.94,2.6,87.5,3.95,1,1,0
1.89,1.36,1.36,5.1,77.7,4.56,2,1,1
4.0,3.93,3.87,1.4,70.7,4.31,0,0,0
2.12,2.49,2.49,8.6,92.6,6.09,1,0,0
1.93,2.1,2.05,3.7,83.0,3.21,2,0,1
1.54,1.84,1.87,6.6,64.4,4.96,0,0,1
0.72,1.2,1.24,6.2,74.9,5.8,0,1,0
4.0,3.93,3.93,6.4,65.1,4.12,2,0,1
2.64,2.96,2.95,4.3,70.5,5.53,2,1,1
0.94,0.86,0.95,2.6,83.7,2.62,0,1,1
1.83,1.39,1.47,6.8,100.0,5.0,4,0,0
1.02,1.11,1.05,5.6,66.2,2.89,5,0,1
1.39,1.89,1.89,9.7,91.9,4.98,0,1,1
0.66,0.79,0.84,6.0,79.3,3.79,3,1,1
3.13,3.28,3.34,6.0,85.9,3.95,1,1,0
3.53,3.36,3.36,4.6,80.0,2.02,0,1,0
3.68,3.56,3.66,4.3,80.9,4.67,2,0,0
3.41,3.29,3.29,5.2,78.4,2.74,6,1,1
3.08,2.75,2.77,5.6,77.6,2.34,1,0,0
3.78,3.22,3.33,5.2,97.0,4.05,2,1,0
3.28,3.09,2.93,1.8,83.9,4.16,0,1,0
1.42,1.04,1.0,7.9,89.9,6.22,3,1,1
1.98,2.13,2.14,4.8,100.0,3.31,3,0,0
2.86,2.92,2.91,6.8,88.9,3.75,3,1,0
0.49,0.52,0.52,5.5,82.9,3.63,1,0,0
2.92,2.55,2.55,6.4,73.0,4.54,4,0,0
0.0,0.0,0.0,4.1,78.0,3.15,1,1,1
2.48,1.86,1.91,6.3,72.8,2.23,0,1,1
0.99,1.16,1.14,7.8,76.4,4.88,3,0,1
1.62,1.18,1.16,5.5,88.0,3.65,5,1,1
1.65,2.09,2.12,5.5,79.4,2.75,1,1,1
1.49,1.41,1.34,7.0,82.8,4.24,1,0,0
1.95,2.32,2.31,4.8,89.5,3.25,1,0,0
0.09,0.0,0.02,6.3,93.9,2.21,1,0,1
1.92,2.09,2.13,3.9,77.1,3.28,3,0,0
2.11,1.86,1.92,5.3,86.7,3.63,2,0,0
1.13,1.62,1.63,6.8,78.5,3.95,3,0,1
1.23,1.38,1.33,3.4,94.1,3.74,0,0,0
2.36,2.14,2.11,6.1,85.6,3.96,2,0,1
0.73,1.03,1.05,7.3,78.4,4.37,2,0,0
0.64,0.88,0.86,6.5,84.0,3.88,1,0,0
4.0,3.74,3.71,3.6,84.3,5.3,3,0,0
1.22,1.61,1.55,9.6,67.5,3.74,2,0,1
4.0,4.0,3.94,4.1,80.5,6.12,2,1,0
2.33,1.98,1.97,3.1,61.8,5.75,3,0,0
1.32,1.57,1.57,4.0,85.8,2.8,2,0,1
1.36,1.64,1.61,7.1,90.6,3.07,2,1,0
0.93,0.65,0.66,7.4,96.7,5.07,2,1,1
2.32,2.57,2.55,4.6,76.4,4.05,1,0,1
3.99,4.0,4.0,4.0,87.5,4.81,3,0,0
2.05,1.68,1.71,8.4,70.5,3.63,1,1,1
2.71,2.32,2.32,5.4,81.8,4.07,1,0,0
0.81,0.99,1.01,8.8,85.5,2.15,2,1,0
2.65,2.44,2.42,7.7,89.7,3.5,4,1,1
1.81,2.29,2.35,2.8,87.9,3.58,4,1,1
1.09,1.38,1.34,5.9,87.8,2.5,2,0,1
2.53,2.47,2.5,4.8,75.4,2.39,1,1,0
0.99,0.9,0.95,5.2,82.4,6.06,1,0,1
2.47,2.46,2.46,5.6,87.1,5.01,2,1,0
2.34,2.16,2.15,7.7,80.7,4.43,3,1,0
3.4,3.34,3.34,5.6,84.2,2.6,3,1,0
1.18,0.8,0.8,5.7,82.8,3.67,3,1,1
1.98,1.9,1.9,6.4,79.4,4.08,1,1,1
3.4,3.27,3.15,6.1,93.2,6.29,4,0,0
2.91,2.65,2.65,6.9,73.5,3.64,1,0,0
2.22,2.73,2.73,5.2,76.4,4.58,3,0,0
0.63,1.24,1.27,5.1,79.5,1.5,5,0,0
3.38,3.62,3.71,8.0,91.1,4.08,0,0,0
1.86,1.92,1.92,5.1,80.4,4.95,1,1,1
3.05,3.06,3.06,7.1,92.3,4.34,2,0,0
3.03,3.25,3.24,6.4,88.4,1.39,0,0,0
2.8,2.8,2.84,3.6,81.4,5.33,1,0,0
1.66,1.84,1.77,7.0,75.6,3.12,2,0,0
1.7,1.46,1.53,3.9,70.7,3.85,5,1,1
2.55,2.53,2.53,2.2,75.5,4.15,3,1,0
3.28,3.68,3.63,4.8,100.0,3.62,0,0,0
2.48,2.3,2.37,3.2,76.8,2.03,1,0,0
1.23,1.46,1.51,8.0,75.7,1.29,1,1,1
2.78,2.68,2.6,6.3,89.9,5.58,3,0,1
3.23,3.06,3.08,6.9,93.5,3.49,2,1,0
1.16,1.03,1.03,5.4,75.7,2.56,0,0,1
0.0,0.49,0.58,6.2,65.0,1.8,5,1,1
2.55,3.0,2.99,4.4,84.2,4.14,1,1,0
2.52,2.55,2.55,3.2,87.2,3.88,1,1,0
0.4,0.38,0.38,5.5,73.6,3.93,5,1,1
1.21,1.63,1.66,6.7,84.3,5.03,4,1,1
3.78,3.85,3.73,7.5,100.0,4.57,2,1,0
1.42,1.43,1.43,5.2,73.0,2.22,5,1,1
2.91,3.25,3.25,4.3,71.5,3.99,5,1,0
3.42,3.4,3.33,4.7,86.5,3.66,3,0,0
3.37,3.62,3.62,6.3,90.8,2.98,1,0,0
3.09,2.88,2.9,3.1,85.5,3.2,1,1,0
3.14,3.53,3.52,4.3,91.2,4.08,2,0,1
3.29,2.81,2.84,3.4,95.4,4.56,0,0,0
2.14,1.61,1.53,8.8,84.9,3.82,6,1,1
3.14,2.67,2.63,3.8,81.1,4.26,2,0,0
0.0,0.09,0.09,5.4,81.0,2.65,2,1,0
2.75,2.63,2.63,6.4,84.4,2.2,0,1,0
0.82,1.1,1.08,5.3,77.8,3.16,2,0,0
0.31,0.06,0.09,4.2,78.0,3.13,1,0,1
3.88,3.93,3.89,3.7,98.0,3.98,2,0,0
4.0,4.0,3.96,6.8,93.5,5.65,1,1,0
2.48,2.02,2.1,4.4,85.6,3.03,0,1,0
2.09,2.32,2.18,7.3,90.9,3.93,3,1,0
1.86,1.72,1.72,6.0,76.8,3.67,1,1,0
2.99,2.99,2.86,4.9,88.7,4.0,2,0,0
1.61,1.98,2.0,5.8,87.7,3.91,1,0,1
1.72,1.29,1.21,6.8,78.6,6.47,2,0,0
1.62,1.58,1.52,7.4,88.2,3.26,0,0,0
3.61,3.6,3.62,6.0,91.4,4.51,2,1,1
0.6,0.3,0.32,7.6,79.6,3.32,2,0,1
1.23,1.26,1.24,7.9,73.6,4.64,2,0,0
2.24,2.21,2.21,3.6,94.5,4.51,1,0,0
2.18,1.93,1.93,2.1,76.7,3.67,2,0,0
2.03,2.16,2.16,6.1,66.1,4.74,1,1,1
3.03,2.68,2.7,5.1,81.7,2.17,0,0,0
1.66,1.54,1.5,4.1,76.8,4.01,1,0,1
1.14,0.8,0.75,5.8,67.5,3.02,0,1,1
1.01,0.68,0.69,8.3,87.2,1.84,1,1,1
1.55,1.65,1.66,7.4,77.4,5.33,2,1,1
2.33,2.12,2.06,5.3,65.9,5.48,1,1,1
0.18,0.0,0.0,9.0,82.5,3.23,1,1,1
2.45,2.53,2.51,6.2,78.3,3.26,3,1,0
3.2,2.89,2.82,5.5,81.3,4.64,1,0,1
1.53,1.44,1.44,8.0,82.6,4.14,3,1,1
2.46,2.74,2.78,4.2,92.7,3.64,2,0,0
2.12,2.07,2.07,7.0,73.7,5.02,1,0,0
2.7,2.9,2.92,6.5,73.5,2.07,1,0,1
1.94,2.43,2.41,2.7,85.5,3.38,1,0,1
2.57,3.1,3.15,3.8,62.7,3.41,2,0,0
2.67,2.92,2.91,3.2,85.4,3.25,3,1,0
0.92,1.23,1.23,6.3,78.6,1.64,3,0,1
4.0,3.92,3.93,4.2,86.8,4.08,0,1,0
0.8,0.65,0.62,7.4,81.6,2.7,3,1,1
1.47,2.1,2.09,7.2,72.4,2.97,4,1,1
0.73,0.38,0.46,5.0,77.7,3.46,2,1,1
1.09,1.33,1.3,4.8,87.5,1.79,3,0,0
1.25,1.24,1.17,5.6,81.8,3.21,3,0,0
1.55,1.71,1.71,7.3,82.7,3.32,2,0,0
3.96,3.73,3.73,3.5,88.4,5.66,1,0,0
1.03,1.33,1.33,5.5,54.2,3.32,2,0,0
1.37,1.26,1.27,6.3,80.0,3.7,3,1,1
2.35,1.45,1.49,6.0,75.8,4.65,1,1,1
3.81,3.41,3.41,3.7,93.1,3.81,5,0,0
1.02,0.82,0.78,6.7,70.9,3.35,4,0,1
2.63,2.41,2.46,7.0,83.1,2.83,3,0,0
3.7,4.0,4.0,3.4,88.1,4.78,2,1,0
4.0,4.0,4.0,2.0,88.4,3.95,2,1,0
1.01,0.95,0.94,7.4,67.4,4.71,0,0,1
2.38,2.43,2.43,6.2,84.2,4.46,2,1,1
3.52,3.49,3.49,5.4,78.6,3.21,1,0,0
1.11,1.15,1.14,7.5,83.2,3.31,2,0,1
2.18,1.79,1.79,9.0,91.3,3.63,1,1,1
2.43,2.88,2.91,2.0,61.0,3.26,4,1,0
2.27,2.63,2.58,5.6,71.1,6.63,1,0,0
2.86,3.14,3.14,3.8,88.2,3.18,1,0,0
2.06,2.29,2.29,7.7,78.0,4.77,1,0,0
2.47,2.3,2.3,6.5,65.7,5.57,0,0,0
1.14,0.89,0.87,5.1,80.2,5.89,3,0,0
1.19,1.15,1.16,7.0,88.5,5.68,3,0,1
0.94,0.98,0.98,8.4,85.3,4.17,1,0,0
0.0,0.01,0.02,7.7,92.2,2.0,1,0,1
0.48,0.02,0.0,6.0,81.0,4.47,1,0,1
0.97,0.97,0.93,2.6,88.0,3.12,1,0,0
2.38,2.12,2.06,5.4,93.1,4.08,2,0,0
2.37,2.99,3.05,7.4,85.5,3.4,0,0,1
2.92,2.91,2.92,5.4,100.0,5.57,1,1,0
1.37,1.18,1.18,7.5,67.9,3.79,2,0,1
3.51,3.54,3.62,4.7,86.8,4.44,1,1,0
1.98,2.46,2.44,4.6,61.3,6.8,4,0,1
4.0,4.0,3.98,4.6,89.8,4.4,0,1,0
2.6,2.8,2.79,6.8,68.3,1.65,3,0,1
3.22,3.02,3.02,3.1,75.8,4.49,3,0,0
0.86,0.8,0.78,7.0,82.7,2.57,0,0,0
1.69,2.1,2.08,5.6,85.5,4.15,1,0,0
1.72,1.28,1.36,5.4,99.2,2.51,2,0,0
2.79,3.13,3.1,5.4,68.8,3.87,1,1,1
1.08,1.14,1.12,2.7,75.7,4.39,3,0,1
1.38,1.51,1.51,5.8,75.0,6.26,2,0,1
2.76,2.41,2.43,5.3,78.4,3.22,1,1,1
0.0,0.0,0.0,6.6,64.8,4.26,4,0,1
2.6,2.89,2.92,3.6,78.8,5.06,3,0,0
3.42,3.45,3.45,3.8,81.6,5.16,3,0,0
3.69,3.58,3.7,4.6,88.5,4.66,1,0,0
1.79,1.81,1.77,5.3,82.6,4.56,2,1,0
1.36,1.49,1.49,5.6,67.4,4.51,2,0,1
3.09,2.61,2.62,4.3,83.0,5.09,2,1,0
0.49,0.42,0.39,7.6,71.9,2.94,4,1,1
0.86,0.63,0.66,5.4,77.7,3.05,0,0,1
0.0,0.99,1.0,9.4,74.3,3.17,2,0,1
2.7,3.26,3.3,2.4,75.0,3.91,4,1,0
0.0,0.59,0.59,7.4,72.2,4.6,5,0,1
1.57,1.72,1.74,7.8,70.9,0.9,0,1,1
2.94,3.53,3.57,5.8,84.6,3.8,1,1,0
3.14,3.11,3.04,4.0,89.3,4.9,3,0,0
1.81,1.62,1.62,6.9,75.8,3.18,6,1,1
2.87,2.31,2.28,6.3,80.7,2.78,1,1,0
2.46,2.73,2.74,7.9,73.6,6.97,2,0,0
1.1,1.25,1.25,8.4,87.3,3.04,2,0,1
3.95,3.86,3.78,3.7,73.0,5.09,1,0,0
1.96,2.15,2.15,6.7,90.7,5.1,3,0,1
4.0,3.83,3.82,5.9,86.7,7.47,0,0,1
0.29,0.15,0.21,7.9,77.9,4.15,4,0,1
3.57,3.46,3.42,6.1,88.7,3.87,1,1,0
1.19,1.43,1.51,8.4,80.4,4.55,1,0,1
3.85,4.0,4.0,5.1,67.0,3.65,1,1,0
1.8,2.02,2.04,7.0,82.1,3.77,3,0,1
1.31,1.39,1.34,8.9,90.1,6.85,2,0,1
4.0,4.0,3.93,5.1,76.9,4.28,1,0,0
3.46,3.61,3.63,6.0,100.0,3.3,2,1,0
0.1,0.0,0.0,8.6,74.3,2.28,3,1,1
2.28,2.61,2.62,6.0,74.0,5.39,5,1,0
2.14,1.65,1.64,9.9,86.2,3.63,2,0,1
2.57,2.32,2.29,2.2,86.5,3.52,2,0,1
3.07,2.84,2.84,4.1,80.7,0.96,0,0,0
2.0,1.9,1.91,7.4,74.0,3.44,2,0,1
1.35,1.69,1.73,7.2,84.4,3.9,0,0,0
2.62,2.48,2.52,5.8,79.8,3.21,1,1,0
1.75,1.7,1.71,6.1,96.4,2.88,3,1,1
0.89,1.2,1.31,7.9,74.6,3.86,3,1,1
1.73,1.87,1.89,5.3,77.6,4.74,3,0,0
1.79,2.15,2.17,5.9,77.7,6.56,3,1,1
1.37,1.68,1.75,7.4,83.8,1.68,2,1,1
1.72,2.33,2.27,7.5,70.3,2.81,2,1,0
0.45,0.19,0.19,4.8,73.2,2.02,1,1,1
0.94,1.14,1.09,7.3,79.0,3.54,3,1,0
0.7,0.88,0.83,4.3,79.3,1.57,3,1,0
4.0,3.69,3.69,4.6,77.5,5.74,1,1,0
3.83,3.62,3.65,3.3,100.0,2.66,1,1,0
0.61,0.89,0.79,4.5,75.2,2.25,2,0,0
0.74,0.86,0.79,1.0,76.6,3.34,3,0,1
4.0,4.0,3.95,5.1,69.0,3.45,1,1,1
1.66,1.69,1.72,5.3,86.8,1.58,1,1,0
3.54,3.54,3.54,5.7,80.3,4.62,3,0,0
1.33,1.23,1.29,5.6,82.8,7.77,1,1,1
3.28,3.48,3.51,6.2,80.5,4.63,1,1,0
3.59,3.03,2.97,1.4,81.9,4.97,1,1,0
0.77,1.33,1.33,3.3,80.4,4.16,0,0,1
0.51,0.64,0.69,6.2,85.6,4.48,1,1,1
3.85,3.17,3.14,7.0,90.8,7.49,4,0,0
0.4,0.56,0.51,4.7,50.5,3.91,0,0,1
3.37,2.96,2.96,5.3,85.9,4.21,1,0,0
1.75,2.12,2.12,6.5,81.0,1.65,4,0,1
3.21,3.04,3.08,1.8,73.6,4.54,2,0,0
0.84,0.99,1.0,8.6,72.0,5.52,1,0,1
2.76,3.15,3.15,7.8,95.8,6.03,1,0,0
0.75,0.64,0.67,4.2,84.1,3.74,0,1,1
2.14,2.19,2.19,3.8,84.9,1.59,3,0,0
2.55,1.97,2.0,7.8,94.3,4.36,2,1,0
2.81,2.31,2.27,3.7,72.3,1.3,3,1,0
2.97,3.19,3.21,5.4,88.2,3.96,2,0,1
2.91,3.13,3.08,6.5,98.1,3.99,3,0,0
2.1,1.7,1.7,3.8,91.7,4.53,0,0,0
1.36,1.46,1.46,7.6,100.0,4.15,2,0,1
1.56,1.72,1.67,4.3,71.4,3.44,3,0,1
2.77,2.4,2.43,3.6,89.5,2.9,3,0,0
3.59,3.24,3.25,6.8,78.6,4.59,1,1,0
0.86,0.58,0.54,9.7,76.6,4.49,1,1,1
3.69,4.0,3.95,4.6,75.4,4.39,2,1,0
2.69,2.42,2.52,3.1,78.5,2.32,0,0,0
2.61,2.59,2.59,7.8,81.3,5.3,0,0,1
2.55,2.69,2.81,8.0,85.8,6.33,1,1,0
0.55,0.75,0.75,6.6,80.1,3.27,2,0,1
2.89,2.72,2.78,7.2,83.3,4.66,1,1,1
1.9,2.05,2.05,6.2,83.8,4.73,1,1,1
2.13,2.17,2.17,4.7,77.1,4.71,2,0,0
4.0,4.0,3.96,2.5,90.3,5.55,3,1,0
0.88,1.1,1.11,5.4,76.9,4.74,2,0,1
1.5,1.93,1.97,5.6,75.8,4.65,1,1,1
0.54,0.68,0.7,8.1,86.4,3.55,0,0,1
1.05,1.16,1.15,6.1,78.1,3.79,0,0,0
1.32,0.94,0.94,6.9,63.7,4.17,2,0,1
1.55,1.67,1.64,7.2,75.1,2.59,1,0,1
1.54,1.59,1.59,4.2,85.6,4.45,0,0,0
1.54,1.48,1.55,6.9,90.7,3.11,1,0,0
2.77,2.32,2.32,5.2,79.6,4.75,1,0,0
1.59,1.51,1.68,5.5,69.1,3.54,4,0,1
2.09,1.91,1.89,6.0,95.5,3.34,1,0,0
1.34,1.67,1.67,8.7,90.1,4.1,1,0,1
1.81,1.67,1.67,4.2,76.2,4.19,1,1,0
1.28,1.28,1.29,7.3,80.4,2.63,4,0,1
2.03,1.93,1.91,5.9,82.7,3.46,1,1,1
1.72,1.89,1.89,3.8,84.0,2.98,3,1,0
2.56,2.58,2.57,4.2,91.1,4.77,3,0,0
0.68,0.17,0.15,8.7,84.1,3.13,2,1,1
3.34,3.24,3.24,7.0,97.1,5.68,2,0,0
1.56,2.04,2.05,5.0,81.1,5.17,1,1,0
0.42,0.04,0.07,3.9,76.3,3.73,0,1,1
4.0,4.0,4.0,4.6,84.0,3.72,4,0,0
0.49,0.37,0.37,6.1,79.2,4.58,0,1,1
2.43,2.18,2.18,6.3,93.6,4.55,3,0,0
0.25,0.25,0.25,8.3,71.0,6.34,1,1,1
2.25,1.86,1.9,5.4,75.9,2.23,0,0,0
1.27,1.82,1.83,9.1,94.1,4.94,4,0,1
0.75,1.39,1.39,4.1,84.3,5.26,0,1,0
1.62,1.96,2.04,6.0,78.0,4.62,0,0,1
2.89,2.68,2.68,1.8,83.1,2.59,3,0,1
2.98,3.16,3.11,3.9,81.8,6.52,4,1,0
1.44,1.16,1.24,4.1,82.6,1.22,0,0,0
2.07,1.48,1.48,5.2,67.0,2.73,2,0,0
1.76,1.63,1.63,6.3,75.5,0.74,0,0,1
2.39,2.61,2.62,3.2,88.8,2.76,1,0,0
2.23,1.64,1.59,3.5,85.8,3.88,3,0,0
2.04,1.69,1.73,5.4,63.4,4.3,0,1,1
2.86,2.88,2.88,3.1,81.5,3.08,4,1,1
2.24,2.8,2.8,4.2,78.3,4.06,0,1,0
3.39,3.23,3.23,4.9,87.3,4.13,5,0,0
2.9,3.16,3.26,5.2,81.7,3.79,2,1,0
2.62,2.12,2.12,2.5,79.4,5.0,1,1,0
3.32,3.64,3.6,5.1,70.5,2.7,0,1,0
2.29,2.29,2.29,4.2,85.3,2.58,0,0,1
2.01,1.32,1.24,7.5,85.8,4.35,1,1,1
2.06,2.36,2.36,7.5,81.7,3.88,3,1,0
0.0,0.58,0.58,10.0,85.0,4.18,3,1,1
0.59,0.63,0.63,7.6,81.0,4.14,2,0,1
2.89,2.48,2.5,7.1,97.1,4.19,2,1,0
4.0,3.73,3.67,5.5,86.2,2.5,2,0,0
1.07,0.58,0.63,7.4,75.8,3.59,1,0,1
1.47,1.53,1.47,3.6,87.2,3.42,3,1,1
1.51,0.93,0.9,7.1,87.9,6.21,1,1,0
2.51,2.18,2.21,7.6,73.1,4.62,2,1,1
0.85,0.57,0.58,4.7,80.6,1.83,2,1,1
0.0,0.54,0.51,7.3,77.4,3.54,2,0,1
3.42,3.45,3.45,6.9,86.9,3.3,0,1,0
3.15,2.42,2.48,6.8,91.1,5.2,4,1,0
1.56,1.55,1.45,3.5,82.0,4.08,2,0,0
2.71,3.22,3.22,4.8,86.0,3.67,3,0,0
1.85,2.01,2.14,5.2,88.9,5.49,1,1,0
0.88,0.83,0.85,7.7,71.9,4.12,1,0,1
2.92,2.75,2.84,7.5,90.6,3.6,1,0,0
3.25,3.55,3.5,4.2,92.6,2.31,1,0,0
1.16,0.75,0.75,7.7,85.5,7.63,1,0,0
1.38,1.36,1.33,6.4,85.7,2.48,2,0,0
0.68,0.98,1.08,4.0,86.0,2.88,3,0,1
1.94,1.95,1.99,7.2,62.8,4.8,2,0,1
3.84,3.87,3.87,4.1,90.6,4.11,3,0,0
2.92,2.83,2.77,7.8,71.7,3.52,3,0,1
1.75,1.42,1.41,4.8,80.0,3.74,2,0,1
3.22,3.71,3.66,3.9,86.8,1.71,1,1,0
1.9,2.05,2.07,5.9,76.3,1.65,1,1,1
2.62,2.81,2.81,4.0,84.5,3.3,3,0,0
1.52,1.05,1.05,5.1,64.7,6.21,4,1,1
0.0,0.25,0.4,6.0,91.2,2.09,1,1,1
1.39,1.4,1.38,8.9,90.8,2.46,3,0,1
2.0,2.14,2.14,8.8,83.9,5.89,2,1,1
1.85,2.34,2.34,3.5,92.0,1.54,1,1,1
0.22,0.37,0.36,5.3,68.3,4.0,2,0,1
2.86,2.9,2.9,2.7,81.3,3.24,1,1,0
1.69,1.44,1.41,5.4,83.8,1.17,2,1,0
1.26,1.27,1.27,5.3,81.4,3.22,4,0,1
2.14,1.93,1.92,3.0,71.6,5.8,1,1,0
2.54,2.35,2.31,8.9,81.8,4.31,1,0,0
1.41,1.14,1.19,6.0,91.6,5.13,4,0,1
3.61,3.29,3.33,6.3,91.5,4.33,0,0,0
1.85,2.12,2.13,4.6,78.6,4.4,3,0,0
2.54,2.19,2.2,2.4,84.2,3.5,2,1,0
1.85,1.96,2.01,7.9,79.5,3.57,1,0,1
2.52,2.52,2.52,4.9,76.3,5.44,1,1,0
2.01,2.87,2.88,5.8,81.5,4.54,3,1,0
3.39,3.68,3.68,2.5,100.0,2.85,2,1,0
1.91,2.01,2.01,6.9,78.9,3.29,3,0,1
1.44,1.86,1.92,7.9,84.0,4.81,4,0,1
3.22,3.12,3.15,6.3,81.6,5.43,3,1,0
1.22,1.2,1.27,7.5,72.7,3.92,1,1,1
0.77,0.64,0.67,8.0,65.9,4.68,0,1,0
2.23,2.09,2.13,7.9,88.9,4.79,1,1,1
2.2,2.26,2.27,7.3,95.9,2.74,1,0,0
1.05,0.92,0.92,1.0,72.0,3.01,1,0,1
2.52,2.52,2.49,6.4,72.4,6.55,5,0,1
1.66,1.5,1.5,6.2,79.7,4.36,4,0,1
0.29,0.59,0.66,6.3,90.2,3.69,3,1,0
1.88,1.07,1.08,10.0,88.9,3.52,0,0,1
1.47,1.11,1.08,8.8,81.2,3.52,3,0,1
0.0,0.59,0.58,6.4,65.6,2.26,2,0,1
0.94,0.95,0.95,5.8,66.0,4.56,0,1,1
2.01,1.66,1.66,6.7,77.6,4.01,0,1,1
1.91,1.7,1.71,3.2,74.6,5.72,5,1,0
2.22,1.99,2.06,1.9,88.1,2.58,2,0,0
0.68,0.62,0.63,6.2,84.9,1.83,0,1,1
0.32,0.53,0.53,6.0,82.5,3.93,3,0,1
3.79,3.24,3.32,3.4,85.5,3.06,2,0,0
2.08,2.09,2.06,4.8,70.7,3.94,2,0,1
2.85,2.8,2.9,4.3,82.4,6.05,3,0,1
1.76,2.19,2.16,7.3,83.8,2.33,4,1,0
1.81,1.77,1.78,6.7,64.7,3.54,2,0,0
0.18,0.5,0.5,5.8,69.0,3.23,4,1,0
2.11,1.8,1.83,4.0,84.0,5.41,0,0,1
2.03,2.57,2.65,9.6,87.4,3.01,0,0,0
3.66,3.84,3.84,6.1,87.5,5.23,2,0,0
0.78,0.89,0.81,7.3,80.1,3.02,1,0,1
1.52,1.17,1.09,4.9,72.5,5.53,2,0,1
1.11,1.4,1.4,6.1,85.8,4.46,0,0,0
2.24,1.92,1.93,6.1,78.9,3.95,2,1,1
4.0,3.9,3.87,4.1,74.2,4.98,1,0,0
0.87,0.85,0.82,5.3,73.1,5.58,2,0,1
1.68,2.28,2.28,6.5,90.6,5.05,1,1,0
2.86,2.88,2.88,8.3,79.0,2.54,3,1,1
1.79,1.62,1.62,8.1,75.0,6.05,3,1,1
2.92,2.82,2.92,4.0,85.3,3.69,1,0,0
2.04,2.02,1.95,5.2,86.2,4.49,1,0,0
0.66,1.05,0.99,7.5,70.1,4.17,0,1,1
0.78,0.99,0.92,8.7,72.4,4.87,1,1,1
0.32,0.24,0.23,5.4,84.6,1.77,4,0,1
3.01,2.4,2.35,4.3,84.9,4.72,2,0,0
0.31,0.33,0.33,8.4,79.6,2.52,0,0,1
2.15,2.26,2.18,5.6,82.2,2.79,1,1,0
2.68,2.77,2.8,4.7,75.8,3.44,1,0,0
3.74,3.83,3.77,6.1,88.9,1.9,2,0,1
4.0,3.75,3.81,2.1,92.6,5.53,0,0,0
0.25,0.29,0.21,9.5,83.2,5.91,2,1,0
3.4,3.46,3.46,5.5,92.3,2.96,3,1,0
1.76,1.73,1.73,6.4,89.3,5.52,3,1,1
0.9,0.73,0.76,7.5,70.9,4.52,5,1,1
1.42,1.57,1.57,5.2,74.7,3.71,2,0,1
4.0,4.0,4.0,7.2,92.1,5.44,1,0,0
1.87,1.87,1.83,5.6,78.5,1.92,4,0,0
2.99,3.18,3.21,6.3,75.8,1.76,2,1,1
2.27,2.7,2.74,7.3,69.7,4.86,1,0,1
0.66,1.18,1.15,7.0,84.6,4.12,1,0,1
4.0,3.92,3.87,6.1,83.0,3.7,2,1,0
1.58,1.64,1.58,7.7,79.8,5.16,2,0,1
0.21,0.0,0.0,7.1,74.7,1.5,2,0,0
1.63,1.7,1.71,5.7,82.6,3.52,2,0,1
2.54,2.35,2.35,1.8,78.4,4.02,3,1,1
4.0,4.0,4.0,2.5,79.1,3.84,0,1,0
1.88,2.04,1.92,5.9,87.9,6.41,2,1,0
1.85,1.79,1.76,8.5,90.1,3.15,0,0,0
0.43,0.14,0.17,9.4,83.2,3.86,2,0,1
3.58,4.0,3.93,5.3,92.2,6.35,0,1,0
3.16,3.43,3.45,5.6,82.5,6.26,4,1,0
0.0,0.38,0.39,6.9,71.2,1.58,1,1,1
1.0,0.68,0.61,8.8,76.4,4.96,1,1,1
0.19,0.55,0.57,6.0,87.6,1.36,0,0,1
1.0,0.73,0.73,4.7,68.5,1.87,4,1,0
2.38,2.56,2.6,4.5,93.0,3.69,0,0,0
3.3,3.63,3.57,6.4,87.6,5.59,2,0,0
4.0,4.0,3.96,1.8,87.4,3.98,0,0,0
2.14,2.6,2.58,4.8,78.1,4.53,2,1,1
2.3,2.06,2.18,6.3,95.7,4.62,0,0,0
3.96,3.89,3.89,4.0,79.8,6.01,1,0,0
1.94,1.95,1.99,5.9,78.7,2.66,2,0,1
